H_01,H_02_A,H_02_B,H_02_C,H_02_D,H_02_E,H_02_F,H_02_G,H_02_H,H_02_I,H_03,H_04,H_05,H_06_A,H_06_B,H_06_C,H_06_D,H_06_E,H_06_F,H_06_G,H_06_H,H_06_I,H_06_J,H_06_K,H_07,H_07_A,H_07_B,H_07_C,H_07_D,H_07_E,DIRECTORIO,SECUENCIA_ENCUESTA,SECUENCIA_P,ORDEN
3,1,,,,,,,,,2,,,,,,,,,,,,,,,,,,,,21,2,1,2
3,,,1,,,,,,,2,,,,,,,,,,,,,,,,,,,,177,1,1,1
3,,,1,,,,,,,2,,,,,,,,,,,,,,,,,,,,214,2,1,2
3,1,,,,,,,,,2,,,,,,,,,,,,,,,,,,,,231,1,1,1
1,,,,,1,,,,,1,1,30,,,,,,,,,,,1,2,,,,,,245,1,1,1
3,,,,1,,,,,,2,,,,,,,,,,,,,,,,,,,,279,1,1,1
3,,,,,1,,,,,2,,,,,,,,,,,,,,,,,,,,287,2,1,2
3,,,,1,,,,,,2,,,,,,,,,,,,,,,,,,,,318,6,1,6
2,,,,,1,,,,,1,2,,,,,,,,,,,,,,,,,,,337,4,1,4
1,,,,,1,,,,,1,1,10,,,,,,1,,,,,,2,,,,,,345,1,1,1
3,,,,,1,,,,,1,1,5,,,,,,,,,,,1,2,,,,,,349,2,1,2
3,,,,,,,,1,,2,,,,,,,,,,,,,,,,,,,,544,1,1,1
3,,,,1,,,,,,2,,,,,,,,,,,,,,,,,,,,550,5,1,5
3,,,,,1,,,,,2,,,,,,,,,,,,,,,,,,,,565,2,1,2
3,1,,,,,,,,,2,,,,,,,,,,,,,,,,,,,,629,2,1,2
3,,,,,1,,,,,2,,,,,,,,,,,,,,,,,,,,644,4,1,4
3,,,,,1,,,,,2,,,,,,,,,,,,,,,,,,,,706,2,1,2
2,,,,,1,,,,,1,2,,,,,,,,,,,,,,,,,,,715,1,1,1
3,,,,,1,,,,,2,,,,,,,,,,,,,,,,,,,,725,3,1,3
3,,,1,,,,,,,2,,,,,,,,,,,,,,,,,,,,830,1,1,1
2,,,,,1,,,,,1,2,,,,,,,,,,,,,,,,,,,879,2,1,2
3,,,,,1,,,,,2,,,,,,,,,,,,,,,,,,,,908,1,1,1
3,,,,1,,,,,,2,,,,,,,,,,,,,,,,,,,,1015,2,1,2
3,,,,,1,,,,,1,2,,,,,,,,,,,,,,,,,,,1023,1,1,1
2,,1,,,,,,,,2,,,,,,,,,,,,,,,,,,,,1043,2,1,2
1,,1,,,,,,,,1,1,1,,,1,,,,,,,,,2,,,,,,1142,3,1,3
3,,,,,1,,,,,2,,,,,,,,,,,,,,,,,,,,1227,1,1,1
3,,,,1,,,,,,2,,,,,,,,,,,,,,,,,,,,1236,2,1,2
3,1,,,,,,,,,2,,,,,,,,,,,,,,,,,,,,1267,9,1,9
2,,,1,,,,,,,1,2,,,,,,,,,,,,,,,,,,,1368,1,1,1
3,,1,,,,,,,,2,,,,,,,,,,,,,,,,,,,,1371,3,1,3
1,,,,,1,,,,,1,1,12,,,,,,1,,,1,,,2,,,,,,1416,2,1,2
3,,1,,,,,,,,1,1,7,,,1,,,,,,,,,1,,,1,,,1535,3,1,3
2,,,,,1,,,,,1,2,,,,,,,,,,,,,,,,,,,1583,3,1,3
3,1,,,,,,,,,1,1,4,,,,,,,,,,,1,2,,,,,,1636,2,1,2
3,,,,,1,,,,,1,1,5,,,1,,,,,,,,,2,,,,,,1649,1,1,1
3,,,,1,,,,,,2,,,,,,,,,,,,,,,,,,,,1678,2,1,2
3,,,,,1,,,,,2,,,,,,,,,,,,,,,,,,,,1721,2,1,2
3,,,1,,,,,,,2,,,,,,,,,,,,,,,,,,,,1724,6,1,6
3,,,,,1,,,,,1,2,,,,,,,,,,,,,,,,,,,1736,1,1,1
1,,,,1,,,,,,1,1,7,,,,,,,,,,,1,2,,,,,,1740,1,1,1
3,,,,,1,,,,,2,,,,,,,,,,,,,,,,,,,,1742,7,1,7
3,,1,,,,,,,,2,,,,,,,,,,,,,,,,,,,,1825,4,1,4
2,,,,1,,,,,,1,2,,,,,,,,,,,,,,,,,,,1865,5,1,5
2,,,,,1,,,,,1,2,,,,,,,,,,,,,,,,,,,1881,3,1,3
3,,,1,,,,,,,2,,,,,,,,,,,,,,,,,,,,1890,1,1,1
2,,,,,1,,,,,1,2,,,,,,,,,,,,,,,,,,,1911,2,1,2
3,,,,,1,,,,,2,,,,,,,,,,,,,,,,,,,,1949,6,1,6
3,,,,1,,,,,,2,,,,,,,,,,,,,,,,,,,,1968,3,1,3
3,,,1,,,,,,,2,,,,,,,,,,,,,,,,,,,,1976,3,1,3
3,,,,1,,,,,,2,,,,,,,,,,,,,,,,,,,,1983,1,1,1
3,,,,,1,,,,,2,,,,,,,,,,,,,,,,,,,,2013,7,1,7
9,,,1,,,,,,,2,,,,,,,,,,,,,,,,,,,,2045,2,1,2
3,,,,,1,,,,,1,2,,,,,,,,,,,,,,,,,,,2050,1,1,1
2,,,,,1,,,,,1,2,,,,,,,,,,,,,,,,,,,2072,1,1,1
3,,,,1,,,,,,2,,,,,,,,,,,,,,,,,,,,2081,1,1,1
3,,,,,1,,,,,2,,,,,,,,,,,,,,,,,,,,2089,5,1,5
2,,,,,1,,,,,1,1,1,,,,,,,,,,,1,2,,,,,,2099,1,1,1
2,,1,1,,1,,,,,1,2,,,,,,,,,,,,,,,,,,,2181,3,1,3
3,,,,,1,,,,,2,,,,,,,,,,,,,,,,,,,,2201,1,1,1
2,,,,1,,,,,,1,2,,,,,,,,,,,,,,,,,,,2261,2,1,2
3,,,,,1,,,,,2,,,,,,,,,,,,,,,,,,,,2275,4,1,4
2,,,,,1,,,,,2,,,,,,,,,,,,,,,,,,,,2348,1,1,1
2,,,,,1,,,,,1,1,1,,,,,,,,,,,1,2,,,,,,2420,2,1,2
3,,,,,1,,,,,2,,,,,,,,,,,,,,,,,,,,2474,1,1,1
3,,1,,,,,,,,2,,,,,,,,,,,,,,,,,,,,2488,1,1,1
3,,,,,1,,,,,2,,,,,,,,,,,,,,,,,,,,2514,1,1,1
2,,,,,1,,,,,1,1,2,,,,,,,,,,1,,2,,,,,,2532,4,1,4
3,1,,,,,,,,,2,,,,,,,,,,,,,,,,,,,,2602,1,1,1
3,1,,,,,,,,,1,1,4,,,1,,,1,,,,,,1,1,,,,,2744,1,1,1
3,,,,,1,,,,,2,,,,,,,,,,,,,,,,,,,,2899,3,1,3
3,,,,,,,,1,,2,,,,,,,,,,,,,,,,,,,,2975,1,1,1
3,,,,,1,,,,,1,1,1,,,,,,,,,,,1,2,,,,,,3011,1,1,1
3,,,,,1,,,,,2,,,,,,,,,,,,,,,,,,,,3017,3,1,3
3,,,,,1,,,,,2,,,,,,,,,,,,,,,,,,,,3084,3,1,3
2,,,,,1,,,,,1,2,,,,,,,,,,,,,,,,,,,3171,4,1,4
1,,,,,1,,,,,1,1,22,,,,,,,,,,,1,2,,,,,,3197,1,1,1
3,,,,,1,,,,,1,2,,,,,,,,,,,,,,,,,,,3240,1,1,1
3,,,,,1,,,,,2,,,,,,,,,,,,,,,,,,,,3257,1,1,1
3,,,,,1,,,,,2,,,,,,,,,,,,,,,,,,,,3350,3,1,3
3,,1,,,,,,,,2,,,,,,,,,,,,,,,,,,,,3409,1,1,1
3,,,,,1,,,,,2,,,,,,,,,,,,,,,,,,,,3452,1,1,1
3,,,,,1,,,,,2,,,,,,,,,,,,,,,,,,,,3468,3,1,3
3,1,,,,,,,,,2,,,,,,,,,,,,,,,,,,,,3528,3,1,3
1,,,,1,,,,,,1,1,4,,,,,,1,,,,,,2,,,,,,3559,1,1,1
3,,,,,1,,,,,2,,,,,,,,,,,,,,,,,,,,3571,2,1,2
3,,,,,1,,,,,2,,,,,,,,,,,,,,,,,,,,3574,1,1,1
2,,,1,,,,,,,1,2,,,,,,,,,,,,,,,,,,,3615,4,1,4
3,,,,,1,,,,,2,,,,,,,,,,,,,,,,,,,,3629,2,1,2
2,,,,,1,,,,,1,1,3,,,,,,,,,,,1,2,,,,,,3634,3,1,3
1,,1,,,,,,,,1,1,1,,,,,,,,1,,,,2,,,,,,3665,3,1,3
3,1,,,,,,,,,2,,,,,,,,,,,,,,,,,,,,3699,3,1,3
3,,,,,1,,,,,2,,,,,,,,,,,,,,,,,,,,3781,1,1,1
3,,,,1,,,,,,2,,,,,,,,,,,,,,,,,,,,3788,1,1,1
3,1,,,,,,,,,1,1,7,,,,,,,,,,,1,2,,,,,,3825,1,1,1
3,,,1,,,,,,,2,,,,,,,,,,,,,,,,,,,,3830,2,1,2
3,,,,1,,,,,,2,,,,,,,,,,,,,,,,,,,,3851,3,1,3
3,,,,,,1,,,,2,,,,,,,,,,,,,,,,,,,,3884,1,1,1
3,,,,,1,,,,,2,,,,,,,,,,,,,,,,,,,,3966,2,1,2
3,,,,1,,,,,,2,,,,,,,,,,,,,,,,,,,,3970,2,1,2
3,,,,,1,,,,,2,,,,,,,,,,,,,,,,,,,,4033,2,1,2
3,,,,,1,,,,,2,,,,,,,,,,,,,,,,,,,,4057,1,1,1
2,,,,,1,,,,,1,1,1,1,,,,,,,,,,,2,,,,,,4189,3,1,3
2,,,,1,,,,,,1,2,,,,,,,,,,,,,,,,,,,4191,3,1,3
3,,,,,1,,,,,1,2,,,,,,,,,,,,,,,,,,,4229,2,1,2
1,,1,,,,,,,,1,1,5,,,1,,,,,,,,,2,,,,,,4278,7,1,7
3,,,1,,,,,,,1,1,1,,,,,,,,,,,1,2,,,,,,4312,2,1,2
3,,,,,1,,,,,2,,,,,,,,,,,,,,,,,,,,4343,2,1,2
3,,,,,1,,,,,2,,,,,,,,,,,,,,,,,,,,4428,3,1,3
3,,,,1,,,,,,2,,,,,,,,,,,,,,,,,,,,4590,2,1,2
2,,,1,,,,,,,1,2,,,,,,,,,,,,,,,,,,,4606,4,1,4
3,,,,,1,,,,,2,,,,,,,,,,,,,,,,,,,,4633,1,1,1
2,,,,,1,,,,,1,2,,,,,,,,,,,,,,,,,,,4758,2,1,2
3,,,,1,,,,,,2,,,,,,,,,,,,,,,,,,,,4809,2,1,2
3,,,,,1,,,,,2,,,,,,,,,,,,,,,,,,,,4921,2,1,2
3,,,1,,,,,,,2,,,,,,,,,,,,,,,,,,,,4936,2,1,2
3,,,,,1,,,,,2,,,,,,,,,,,,,,,,,,,,4937,2,1,2
3,,,,,1,,,,,1,2,,,,,,,,,,,,,,,,,,,5094,2,1,2
1,,,,,1,,,,,1,1,2,,1,,,,,,,,,,2,,,,,,5166,2,1,2
3,,,,,1,,,,,1,1,29,,,,,,1,,,,,,2,,,,,,5265,1,1,1
9,,,,,1,,,,,1,2,,,,,,,,,,,,,,,,,,,5277,1,1,1
3,,1,,,,,,,,2,,,,,,,,,,,,,,,,,,,,5294,2,1,2
3,,,,,1,,,,,2,,,,,,,,,,,,,,,,,,,,5310,3,1,3
2,,,1,,,,,,,2,,,,,,,,,,,,,,,,,,,,5356,2,1,2
3,,1,,,,,,,,2,,,,,,,,,,,,,,,,,,,,5403,3,1,3
3,,,,1,,,,,,2,,,,,,,,,,,,,,,,,,,,5412,10,1,10
3,1,,,,,,,,,2,,,,,,,,,,,,,,,,,,,,5453,1,1,1
3,,,,1,,,,,,2,,,,,,,,,,,,,,,,,,,,5577,1,1,1
3,1,,,,,,,,,9,,,,,,,,,,,,,,,,,,,,5611,1,1,1
2,1,,,,,,,,,1,2,,,,,,,,,,,,,,,,,,,5622,4,1,4
3,,,,,,,,1,,2,,,,,,,,,,,,,,,,,,,,5690,1,1,1
3,,,,,1,,,,,2,,,,,,,,,,,,,,,,,,,,5702,1,1,1
3,,,,1,,,,,,2,,,,,,,,,,,,,,,,,,,,5876,1,1,1
3,,,,,1,,,,,1,2,,,,,,,,,,,,,,,,,,,5969,1,1,1
3,,,,1,,,,,,2,,,,,,,,,,,,,,,,,,,,5974,5,1,5
3,,,,,1,,,,,1,2,,,,,,,,,,,,,,,,,,,6020,2,1,2
3,1,,,,1,,,,,1,1,30,,,,,,,,,,,1,2,,,,,,6165,1,1,1
3,1,,,,,,,,,1,1,3,1,,,,,,,,,,,2,,,,,,6188,1,1,1
3,,,,1,,,,,,2,,,,,,,,,,,,,,,,,,,,6296,3,1,3
3,,,,1,,,,,,2,,,,,,,,,,,,,,,,,,,,6342,7,1,7
3,,,,1,,,,,,2,,,,,,,,,,,,,,,,,,,,6386,2,1,2
2,,,,,1,,,,,1,2,,,,,,,,,,,,,,,,,,,6405,1,1,1
3,,,1,,,,,,,2,,,,,,,,,,,,,,,,,,,,6438,2,1,2
3,,,1,,,,,,,2,,,,,,,,,,,,,,,,,,,,6571,1,1,1
3,,,,,1,,,,,2,,,,,,,,,,,,,,,,,,,,6657,2,1,2
2,1,,,,,,,,,1,2,,,,,,,,,,,,,,,,,,,6675,2,1,2
3,,,1,,,,,,,2,,,,,,,,,,,,,,,,,,,,6679,1,1,1
3,1,,,,,,,,,2,,,,,,,,,,,,,,,,,,,,6809,2,1,2
3,,,,,,,,,1,2,,,,,,,,,,,,,,,,,,,,6931,2,1,2
1,,,,,1,,,,,1,1,15,,,1,,,,,,,,,2,,,,,,6944,1,1,1
3,1,,,,,,,,,1,2,,,,,,,,,,,,,,,,,,,7054,1,1,1
3,,,,,1,,,,,2,,,,,,,,,,,,,,,,,,,,7225,2,1,2
3,,,,1,,,,,,2,,,,,,,,,,,,,,,,,,,,7227,4,1,4
3,,,,1,,,,,,2,,,,,,,,,,,,,,,,,,,,7265,4,1,4
3,,,,,1,,,,,2,,,,,,,,,,,,,,,,,,,,7271,2,1,2
3,,,,,1,,,,,2,,,,,,,,,,,,,,,,,,,,7389,4,1,4
3,,,,,1,,,,,2,,,,,,,,,,,,,,,,,,,,7466,2,1,2
3,,,,1,,,,,,2,,,,,,,,,,,,,,,,,,,,7523,2,1,2
3,,,,,1,,,,,2,,,,,,,,,,,,,,,,,,,,7559,1,1,1
2,,,1,,,,,,,1,1,1,,,1,,,,,,,,,2,,,,,,7572,1,1,1
3,,,,1,,,,,,2,,,,,,,,,,,,,,,,,,,,7578,1,1,1
2,,,,,1,,,,,1,2,,,,,,,,,,,,,,,,,,,7579,2,1,2
3,,,,,1,,,,,2,,,,,,,,,,,,,,,,,,,,7611,2,1,2
3,,,,,1,,,,,2,,,,,,,,,,,,,,,,,,,,7711,1,1,1
3,,,1,,,,,,,2,,,,,,,,,,,,,,,,,,,,7726,1,1,1
3,,1,,,,,,,,1,2,,,,,,,,,,,,,,,,,,,7877,2,1,2
3,,,,,1,,,,,2,,,,,,,,,,,,,,,,,,,,7878,3,1,3
3,,1,,,,,,,,1,1,15,,,,,,,,,,,1,2,,,,,,7949,4,1,4
2,,,,1,,,,,,1,2,,,,,,,,,,,,,,,,,,,7976,2,1,2
2,,,,,1,,,,,1,2,,,,,,,,,,,,,,,,,,,8125,1,1,1
3,,,,,1,,,,,1,2,,,,,,,,,,,,,,,,,,,8142,1,1,1
2,,,,,1,,,,,1,2,,,,,,,,,,,,,,,,,,,8418,1,1,1
3,,,,,1,,,,,1,2,,,,,,,,,,,,,,,,,,,8428,2,1,2
3,,,,1,,,,,,2,,,,,,,,,,,,,,,,,,,,8463,1,1,1
3,,,,,1,,,,,2,,,,,,,,,,,,,,,,,,,,8489,2,1,2
3,,,,1,1,,,,,1,1,6,1,,,,,,,,,,,2,,,,,,8501,2,1,2
2,,,1,,,,,,,1,1,2,,,,,,,,,,,1,2,,,,,,8587,6,1,6
3,,,,1,,,,,,2,,,,,,,,,,,,,,,,,,,,8816,2,1,2
3,,,,,1,,,,,2,,,,,,,,,,,,,,,,,,,,8857,2,1,2
1,,,,1,,,,,,1,1,1,,,1,,,,,,,,,1,,,1,,,8862,2,1,2
3,1,,,,,,,,,1,2,,,,,,,,,,,,,,,,,,,8903,3,1,3
3,,1,,,,,,,,2,,,,,,,,,,,,,,,,,,,,8917,2,1,2
9,,,1,,,,,,,2,,,,,,,,,,,,,,,,,,,,8924,2,1,2
2,,,,1,1,,,,,1,2,,,,,,,,,,,,,,,,,,,8984,2,1,2
3,,,,1,,,,,,2,,,,,,,,,,,,,,,,,,,,8996,1,1,1
3,,,,,1,,,,,2,,,,,,,,,,,,,,,,,,,,9346,1,1,1
3,,,,1,,,,,,2,,,,,,,,,,,,,,,,,,,,9382,1,1,1
3,,1,,,,,,,,2,,,,,,,,,,,,,,,,,,,,9408,3,1,3
3,,1,,,,,,,,2,,,,,,,,,,,,,,,,,,,,9461,2,1,2
3,,,,,1,,,,,2,,,,,,,,,,,,,,,,,,,,9480,3,1,3
3,,1,,,,,,,,2,,,,,,,,,,,,,,,,,,,,9538,3,1,3
3,,,,,1,,,,,2,,,,,,,,,,,,,,,,,,,,9613,3,1,3
2,,,,,1,,,,,2,,,,,,,,,,,,,,,,,,,,9647,3,1,3
1,,,,,1,,,,,1,1,6,,,,,,,,,,,1,2,,,,,,9679,1,1,1
3,,,,1,,,,,,2,,,,,,,,,,,,,,,,,,,,9682,3,1,3
3,,,,,1,,,,,2,,,,,,,,,,,,,,,,,,,,9791,1,1,1
3,,1,,,,,,,,2,,,,,,,,,,,,,,,,,,,,9800,2,1,2
3,,,,1,,,,,,1,2,,,,,,,,,,,,,,,,,,,9824,3,1,3
3,,,,,1,,,,,2,,,,,,,,,,,,,,,,,,,,9844,4,1,4
3,,,,1,,,,,,2,,,,,,,,,,,,,,,,,,,,9915,2,1,2
3,,1,,,,,,,,2,,,,,,,,,,,,,,,,,,,,9940,1,1,1
3,,,,,1,,,,,2,,,,,,,,,,,,,,,,,,,,9992,2,1,2
3,1,,,,,,,,,2,,,,,,,,,,,,,,,,,,,,10012,1,1,1
3,,,,,1,,,,,2,,,,,,,,,,,,,,,,,,,,10023,1,1,1
3,,,,,1,,,,,2,,,,,,,,,,,,,,,,,,,,10035,1,1,1
3,,,,,1,,,,,2,,,,,,,,,,,,,,,,,,,,10139,3,1,3
1,1,,,,,,,,,1,1,10,,,,,1,,,,,,,2,,,,,,10145,1,1,1
3,,,,1,1,,,,,1,1,2,,,,,,,,,,,1,2,,,,,,10181,1,1,1
3,,,1,,,,,,,2,,,,,,,,,,,,,,,,,,,,10191,3,1,3
3,,,,,1,,,,,2,,,,,,,,,,,,,,,,,,,,10204,1,1,1
3,1,,,,,,,,,1,1,5,,,,,,,,,,,1,2,,,,,,10258,1,1,1
2,,,,,1,,,,,1,2,,,,,,,,,,,,,,,,,,,10312,2,1,2
3,,1,,,,,,,,2,,,,,,,,,,,,,,,,,,,,10315,1,1,1
3,,,,,1,,,,,2,,,,,,,,,,,,,,,,,,,,10385,2,1,2
3,,,,,1,,,,,2,,,,,,,,,,,,,,,,,,,,10392,1,1,1
2,,,,,1,,,,,2,,,,,,,,,,,,,,,,,,,,10457,3,1,3
3,,,,,1,,,,,2,,,,,,,,,,,,,,,,,,,,10490,1,1,1
1,,,,,1,,,,,1,1,1,,,,,,,,,,,1,2,,,,,,10492,1,1,1
3,,,,,1,,,,,2,,,,,,,,,,,,,,,,,,,,10496,1,1,1
3,,,,1,,,,,,2,,,,,,,,,,,,,,,,,,,,10570,1,1,1
3,,,,,1,,,,,2,,,,,,,,,,,,,,,,,,,,10619,2,1,2
3,,,,,1,,,,,2,,,,,,,,,,,,,,,,,,,,10627,1,1,1
3,,,,,1,,,,,2,,,,,,,,,,,,,,,,,,,,10643,4,1,4
3,,,,1,,,,,,2,,,,,,,,,,,,,,,,,,,,10689,2,1,2
3,,,,1,,,,,,2,,,,,,,,,,,,,,,,,,,,10696,3,1,3
3,,,,,1,,,,,2,,,,,,,,,,,,,,,,,,,,10746,1,1,1
3,,,1,,,,,,,2,,,,,,,,,,,,,,,,,,,,10824,1,1,1
3,1,,,,,,,,,2,,,,,,,,,,,,,,,,,,,,10849,1,1,1
3,,,,1,,,,,,1,1,2,1,,1,,,,,,,,,1,1,,,,,10882,1,1,1
3,,,,1,,,,,,1,2,,,,,,,,,,,,,,,,,,,10889,2,1,2
1,,,,1,,,,,,1,1,2,1,,,,,,,,,,,2,,,,,,10893,1,1,1
3,,,,,1,,,,,2,,,,,,,,,,,,,,,,,,,,10936,2,1,2
2,,,,1,,,,,,1,2,,,,,,,,,,,,,,,,,,,10944,3,1,3
3,,,,1,,,,,,2,,,,,,,,,,,,,,,,,,,,11082,3,1,3
1,,,1,,,,,,,1,1,1,,,,,,1,,,,,,2,,,,,,11087,2,1,2
3,,1,,,,,,,,2,,,,,,,,,,,,,,,,,,,,11121,3,1,3
3,1,,,,,,,,,2,,,,,,,,,,,,,,,,,,,,11213,1,1,1
2,,,,,1,,,,,2,,,,,,,,,,,,,,,,,,,,11300,1,1,1
3,,,,,1,,,,,2,,,,,,,,,,,,,,,,,,,,11380,3,1,3
3,,,,1,,,,,,2,,,,,,,,,,,,,,,,,,,,11467,1,1,1
1,,,,1,,,,,,1,1,3,,,1,,,,,,,,,2,,,,,,11487,1,1,1
3,,,,,1,,,,,2,,,,,,,,,,,,,,,,,,,,11521,3,1,3
3,,,,,1,,,,,2,,,,,,,,,,,,,,,,,,,,11567,1,1,1
3,,,,1,,,,,,2,,,,,,,,,,,,,,,,,,,,11621,5,1,5
2,,,1,,,,,,,1,2,,,,,,,,,,,,,,,,,,,11676,3,1,3
2,,1,,,,,,,,1,1,3,,,,,,,,,,,1,1,,,,,1,11706,4,1,4
1,,,,,1,,,,,1,1,1,,,,,,,,,,,1,2,,,,,,11763,2,1,2
1,,,,1,,,,,,1,1,3,,,,,,,,,,,1,2,,,,,,11785,4,1,4
3,,,1,,,,,,,2,,,,,,,,,,,,,,,,,,,,11795,3,1,3
3,,1,,,,,,,,2,,,,,,,,,,,,,,,,,,,,11869,1,1,1
3,,,,,1,,,,,2,,,,,,,,,,,,,,,,,,,,11881,1,1,1
3,,,,,1,,,,,2,,,,,,,,,,,,,,,,,,,,11886,1,1,1
3,,,,1,,,,,,2,,,,,,,,,,,,,,,,,,,,11966,2,1,2
3,1,,,,,,,,,1,1,4,1,,,,,,,,,,,2,,,,,,11989,1,1,1
3,,,,,1,,,,,1,2,,,,,,,,,,,,,,,,,,,11995,1,1,1
1,,,,,1,,,,,1,1,30,,,,,,,,,,,1,2,,,,,,12177,3,1,3
3,,,,,1,,,,,2,,,,,,,,,,,,,,,,,,,,12215,1,1,1
3,,,,,1,,,,,1,1,20,,,,,,,,,,,1,2,,,,,,12270,2,1,2
3,,1,,,,,,,,2,,,,,,,,,,,,,,,,,,,,12440,3,1,3
3,,,,,1,,,,,1,2,,,,,,,,,,,,,,,,,,,12447,2,1,2
2,,,1,,,,,,,2,,,,,,,,,,,,,,,,,,,,12494,4,1,4
3,,,,,1,,,,,2,,,,,,,,,,,,,,,,,,,,12502,1,1,1
3,1,,,,,,,,,2,,,,,,,,,,,,,,,,,,,,12508,2,1,2
3,1,,,,,,,,,2,,,,,,,,,,,,,,,,,,,,12561,2,1,2
3,,1,,,,,,,,1,2,,,,,,,,,,,,,,,,,,,12585,2,1,2
3,,,1,,,,,,,2,,,,,,,,,,,,,,,,,,,,12592,2,1,2
3,,,,,1,,,,,1,1,30,,,,,,,,,,,1,2,,,,,,12681,1,1,1
3,,,,,1,,,,,2,,,,,,,,,,,,,,,,,,,,12734,2,1,2
3,,,,1,1,,,,,2,,,,,,,,,,,,,,,,,,,,12783,1,1,1
3,,,,,1,,,,,2,,,,,,,,,,,,,,,,,,,,12809,1,1,1
2,,,1,,,,,,,1,1,99,,,,,,,,,,,1,2,,,,,,12822,2,1,2
3,,,,1,,,,,,2,,,,,,,,,,,,,,,,,,,,12889,2,1,2
3,,,,1,,,,,,2,,,,,,,,,,,,,,,,,,,,12938,2,1,2
2,,,,,1,,,,,1,2,,,,,,,,,,,,,,,,,,,13129,1,1,1
3,,,,1,,,,,,2,,,,,,,,,,,,,,,,,,,,13133,2,1,2
2,,,,,1,,,,,1,2,,,,,,,,,,,,,,,,,,,13191,2,1,2
3,,1,,,,,,,,2,,,,,,,,,,,,,,,,,,,,13211,2,1,2
3,,1,,,,,,,,1,1,30,,,1,,,,1,,,,,2,,,,,,13250,1,1,1
3,,1,,,,,,,,2,,,,,,,,,,,,,,,,,,,,13257,4,1,4
3,,1,,,,,,,,2,,,,,,,,,,,,,,,,,,,,13286,2,1,2
3,,,,1,,,,,,2,,,,,,,,,,,,,,,,,,,,13290,1,1,1
3,,,,,1,,,,,2,,,,,,,,,,,,,,,,,,,,13378,2,1,2
3,,,1,,,,,,,2,,,,,,,,,,,,,,,,,,,,13425,2,1,2
3,,,,,1,,,,,2,,,,,,,,,,,,,,,,,,,,13437,1,1,1
3,1,,,,,,,,,2,,,,,,,,,,,,,,,,,,,,13467,1,1,1
3,,,,,1,,,,,2,,,,,,,,,,,,,,,,,,,,13483,1,1,1
3,,,,1,,,,,,2,,,,,,,,,,,,,,,,,,,,13522,3,1,3
3,1,,,,,,,,,2,,,,,,,,,,,,,,,,,,,,13821,3,1,3
3,,,,1,,,,,,2,,,,,,,,,,,,,,,,,,,,13824,1,1,1
3,,1,,,,,,,,1,2,,,,,,,,,,,,,,,,,,,13899,2,1,2
3,,1,,,,,,,,2,,,,,,,,,,,,,,,,,,,,13977,1,1,1
3,,,,1,,,,,,2,,,,,,,,,,,,,,,,,,,,14007,1,1,1
3,,,,,1,,,,,2,,,,,,,,,,,,,,,,,,,,14032,1,1,1
3,,,1,,,,,,,1,2,,,,,,,,,,,,,,,,,,,14135,3,1,3
1,,1,,,,,,,,1,1,2,,,1,,,,,,,,,2,,,,,,14137,2,1,2
3,,,,,1,,,,,2,,,,,,,,,,,,,,,,,,,,14219,3,1,3
3,,,,,,,,1,,2,,,,,,,,,,,,,,,,,,,,14259,3,1,3
3,,,,1,,,,,,2,,,,,,,,,,,,,,,,,,,,14327,1,1,1
3,,,,,1,,,,,1,2,,,,,,,,,,,,,,,,,,,14369,2,1,2
3,,,,,1,,,,,2,,,,,,,,,,,,,,,,,,,,14559,5,1,5
3,1,,,,,,,,,2,,,,,,,,,,,,,,,,,,,,14567,4,1,4
3,,,,,,,,1,,2,,,,,,,,,,,,,,,,,,,,14682,4,1,4
2,,,1,,,,,,,1,2,,,,,,,,,,,,,,,,,,,14702,2,1,2
2,,1,,,,,,,,1,2,,,,,,,,,,,,,,,,,,,14740,4,1,4
3,,,,,1,,,,,2,,,,,,,,,,,,,,,,,,,,14863,1,1,1
3,,,,,1,,,,,2,,,,,,,,,,,,,,,,,,,,14871,2,1,2
3,,,1,,,,,,,1,1,1,,,,,,,,,,,1,2,,,,,,14998,2,1,2
3,,,,1,,,,,,2,,,,,,,,,,,,,,,,,,,,15037,1,1,1
1,,,,,1,,,,,1,1,1,1,,,,,,,,,,,2,,,,,,15081,2,1,2
3,,,,,1,,,,,1,2,,,,,,,,,,,,,,,,,,,15101,1,1,1
2,,,1,,,,,,,1,1,30,1,,,,,1,,,,,,1,1,,,,,15110,3,1,3
3,,,,,1,,,,,2,,,,,,,,,,,,,,,,,,,,15171,1,1,1
3,,,1,,,,,,,2,,,,,,,,,,,,,,,,,,,,15180,2,1,2
3,,1,,,,,,,,2,,,,,,,,,,,,,,,,,,,,15228,5,1,5
3,,,,,,,,1,,2,,,,,,,,,,,,,,,,,,,,15307,3,1,3
3,,1,,,,,,,,2,,,,,,,,,,,,,,,,,,,,15318,1,1,1
2,,1,,,,,,,,2,,,,,,,,,,,,,,,,,,,,15341,1,1,1
3,,,,,1,,,,,2,,,,,,,,,,,,,,,,,,,,15436,2,1,2
3,,,,1,,,,,,2,,,,,,,,,,,,,,,,,,,,15439,2,1,2
3,,,,1,,,,,,2,,,,,,,,,,,,,,,,,,,,15448,1,1,1
2,,,,1,,,,,,1,2,,,,,,,,,,,,,,,,,,,15510,2,1,2
3,,,,,1,,,,,2,,,,,,,,,,,,,,,,,,,,15515,1,1,1
2,1,,,,,,,,,1,2,,,,,,,,,,,,,,,,,,,15516,1,1,1
2,,,,,1,,,,,1,2,,,,,,,,,,,,,,,,,,,15519,1,1,1
3,1,,,,,,,,,2,,,,,,,,,,,,,,,,,,,,15640,4,1,4
2,,,,,1,,,,,1,2,,,,,,,,,,,,,,,,,,,15677,2,1,2
2,,,,1,,,,,,1,2,,,,,,,,,,,,,,,,,,,15890,2,1,2
3,,,,,1,,,,,1,1,3,,,1,,,,,,,,,2,,,,,,16069,1,1,1
3,,,,,1,,,,,1,2,,,,,,,,,,,,,,,,,,,16125,1,1,1
3,,,,,1,,,,,2,,,,,,,,,,,,,,,,,,,,16127,1,1,1
2,,,,,1,,,,,1,2,,,,,,,,,,,,,,,,,,,16160,3,1,3
3,,,,,1,,,,,2,,,,,,,,,,,,,,,,,,,,16202,1,1,1
3,,,,,1,,,,,1,2,,,,,,,,,,,,,,,,,,,16250,1,1,1
3,,,,,1,,,,,1,2,,,,,,,,,,,,,,,,,,,16273,2,1,2
3,,,,1,,,,,,2,,,,,,,,,,,,,,,,,,,,16288,2,1,2
3,,,1,,,,,,,2,,,,,,,,,,,,,,,,,,,,16319,3,1,3
9,,1,,,,,,,,1,2,,,,,,,,,,,,,,,,,,,16532,1,1,1
3,,,,,,,,1,,2,,,,,,,,,,,,,,,,,,,,16536,3,1,3
2,,,,,1,,,,,1,2,,,,,,,,,,,,,,,,,,,16537,8,1,8
3,,1,,,,,,,,2,,,,,,,,,,,,,,,,,,,,16619,2,1,2
3,,,,1,,,,,,2,,,,,,,,,,,,,,,,,,,,16629,3,1,3
3,,,,1,1,,,,,2,,,,,,,,,,,,,,,,,,,,16633,3,1,3
3,,,,,1,,,,,2,,,,,,,,,,,,,,,,,,,,16728,2,1,2
3,,,1,,,,,,,1,1,30,,,,,,,,,,,1,2,,,,,,16758,2,1,2
2,,,,,1,,,,,2,,,,,,,,,,,,,,,,,,,,16776,3,1,3
3,,,,,1,,,,,2,,,,,,,,,,,,,,,,,,,,16822,2,1,2
3,,,,,1,,,,,2,,,,,,,,,,,,,,,,,,,,16850,3,1,3
3,,,,,1,,,,,2,,,,,,,,,,,,,,,,,,,,16899,2,1,2
3,,1,,,,,,,,2,,,,,,,,,,,,,,,,,,,,16970,2,1,2
3,,,,,1,,,,,2,,,,,,,,,,,,,,,,,,,,17009,1,1,1
2,,,,,1,,,,,2,,,,,,,,,,,,,,,,,,,,17088,3,1,3
3,,,1,,,,,,,2,,,,,,,,,,,,,,,,,,,,17135,1,1,1
3,,,,1,,,,,,2,,,,,,,,,,,,,,,,,,,,17141,2,1,2
3,,,,1,1,,,,,2,,,,,,,,,,,,,,,,,,,,17159,3,1,3
3,,,,,1,,,,,2,,,,,,,,,,,,,,,,,,,,17168,2,1,2
2,,,,,1,,,,,1,2,,,,,,,,,,,,,,,,,,,17178,1,1,1
3,,,,1,,,,,,1,1,1,,,,,,,,,,1,,2,,,,,,17197,2,1,2
3,,,,,1,,,,,2,,,,,,,,,,,,,,,,,,,,17202,2,1,2
3,,,,,1,,,,,2,,,,,,,,,,,,,,,,,,,,17222,1,1,1
3,1,,,,,,,,,2,,,,,,,,,,,,,,,,,,,,17241,3,1,3
3,,,,,1,,,,,2,,,,,,,,,,,,,,,,,,,,17255,2,1,2
3,,,,1,,,,,,2,,,,,,,,,,,,,,,,,,,,17264,3,1,3
3,,,,,1,,,,,2,,,,,,,,,,,,,,,,,,,,17328,4,1,4
3,,,,,1,,,,,1,1,4,,,,,1,,,,,,,2,,,,,,17356,2,1,2
3,,,,1,,,,,,2,,,,,,,,,,,,,,,,,,,,17378,3,1,3
2,,,,1,,,,,,1,2,,,,,,,,,,,,,,,,,,,17385,1,1,1
3,,,,,1,,,,,1,2,,,,,,,,,,,,,,,,,,,17397,1,1,1
3,,,,,1,,,,,2,,,,,,,,,,,,,,,,,,,,17450,3,1,3
3,,,,,1,,,,,2,,,,,,,,,,,,,,,,,,,,17621,1,1,1
3,,,,1,,,,,,2,,,,,,,,,,,,,,,,,,,,17649,4,1,4
2,,,,1,,,,,,1,2,,,,,,,,,,,,,,,,,,,17664,1,1,1
3,,,,1,,,,,,2,,,,,,,,,,,,,,,,,,,,17816,1,1,1
3,,,,,1,,,,,2,,,,,,,,,,,,,,,,,,,,17839,2,1,2
3,,,,,1,,,,,1,1,20,,,,,,,,,,,1,2,,,,,,17880,1,1,1
1,,,,1,,,,,,1,1,1,,,1,,,,,,,,,2,,,,,,17889,2,1,2
3,,1,,,,,,,,1,1,4,,,1,,,1,,,,,,2,,,,,,17933,3,1,3
2,,,,1,,,,,,1,2,,,,,,,,,,,,,,,,,,,17991,1,1,1
3,,,,1,,,,,,2,,,,,,,,,,,,,,,,,,,,17995,1,1,1
3,,,,,1,,,,,1,2,,,,,,,,,,,,,,,,,,,18028,1,1,1
1,,,,,1,,,,,1,1,10,,,1,,,,,,,,,2,,,,,,18038,1,1,1
3,,1,,,,,,,,2,,,,,,,,,,,,,,,,,,,,18153,2,1,2
2,,,,,1,,,,,1,2,,,,,,,,,,,,,,,,,,,18171,3,1,3
1,,,,,,,,1,,1,1,1,,,,,1,,,,,,,2,,,,,,18222,3,1,3
3,,,,,1,,,,,1,2,,,,,,,,,,,,,,,,,,,18246,1,1,1
3,,,,,1,,,,,2,,,,,,,,,,,,,,,,,,,,18299,2,1,2
3,,,,,1,,,,,2,,,,,,,,,,,,,,,,,,,,18330,4,1,4
3,,,,,1,,,,,1,1,30,,,,,,,,,,,1,2,,,,,,18365,1,1,1
3,,,,1,,,,,,2,,,,,,,,,,,,,,,,,,,,18381,2,1,2
3,,,,1,,,,,,2,,,,,,,,,,,,,,,,,,,,18419,1,1,1
3,,,,,,1,,,,1,2,,,,,,,,,,,,,,,,,,,18518,1,1,1
3,,,,,1,,,,,1,1,1,,,,,,,,,,,1,2,,,,,,18538,2,1,2
3,1,,,,,,,,,2,,,,,,,,,,,,,,,,,,,,18585,3,1,3
3,,,,1,,,,,,2,,,,,,,,,,,,,,,,,,,,18625,2,1,2
3,,1,,,,,,,,2,,,,,,,,,,,,,,,,,,,,18668,1,1,1
3,,1,,,,,,,,2,,,,,,,,,,,,,,,,,,,,18735,3,1,3
3,,,,,1,,,,,2,,,,,,,,,,,,,,,,,,,,18746,1,1,1
3,,1,,,,,,,,1,2,,,,,,,,,,,,,,,,,,,18905,2,1,2
2,,,,,1,,,,,1,1,15,,,,,1,,,,,,1,2,,,,,,18933,4,1,4
3,,,,,1,,,,,2,,,,,,,,,,,,,,,,,,,,19022,1,1,1
3,,,,1,,,,,,1,2,,,,,,,,,,,,,,,,,,,19210,3,1,3
1,,,,,1,,,,,1,1,3,1,,,,,,,,,,,2,,,,,,19297,1,1,1
9,,,,,1,,,,,1,2,,,,,,,,,,,,,,,,,,,19304,4,1,4
3,,,,,1,,,,,2,,,,,,,,,,,,,,,,,,,,19339,2,1,2
3,,,,,1,,,,,2,,,,,,,,,,,,,,,,,,,,19471,1,1,1
3,,,,,1,,,,,2,,,,,,,,,,,,,,,,,,,,19481,2,1,2
1,,,,,1,,,,,1,1,2,,,,,,,,,,,1,2,,,,,,19530,2,1,2
3,1,,,,,,,,,2,,,,,,,,,,,,,,,,,,,,19673,1,1,1
3,,,,1,,,,,,2,,,,,,,,,,,,,,,,,,,,19709,2,1,2
3,,,1,,,,,,,1,2,,,,,,,,,,,,,,,,,,,19716,2,1,2
3,,,1,,,,,,,2,,,,,,,,,,,,,,,,,,,,19723,2,1,2
3,,,,,1,,,,,2,,,,,,,,,,,,,,,,,,,,19775,1,1,1
3,,,,1,,,,,,2,,,,,,,,,,,,,,,,,,,,19779,2,1,2
3,,,,,1,,,,,2,,,,,,,,,,,,,,,,,,,,19864,6,1,6
2,,,,1,,,,,,1,2,,,,,,,,,,,,,,,,,,,19876,3,1,3
3,1,,,,,,,,,2,,,,,,,,,,,,,,,,,,,,19900,3,1,3
3,,,,,1,,,,,1,2,,,,,,,,,,,,,,,,,,,19910,1,1,1
1,1,,,,,,,,,1,1,4,,,,,,,,,,,1,2,,,,,,20064,1,1,1
3,,,,1,,,,,,2,,,,,,,,,,,,,,,,,,,,20072,3,1,3
3,,,,,1,,,,,2,,,,,,,,,,,,,,,,,,,,20114,1,1,1
3,,,,,1,,,,,2,,,,,,,,,,,,,,,,,,,,20181,2,1,2
3,,,,1,,,,,,2,,,,,,,,,,,,,,,,,,,,20328,1,1,1
3,,,,,1,,,,,2,,,,,,,,,,,,,,,,,,,,20452,1,1,1
3,,,,,1,,,,,2,,,,,,,,,,,,,,,,,,,,20638,1,1,1
3,,,,,1,,,,,2,,,,,,,,,,,,,,,,,,,,20719,1,1,1
2,,,,,1,,,,,1,2,,,,,,,,,,,,,,,,,,,20739,1,1,1
3,,,,,1,,,,,2,,,,,,,,,,,,,,,,,,,,20803,5,1,5
3,,,,1,,,,,,1,2,,,,,,,,,,,,,,,,,,,20812,2,1,2
3,,1,,,,,,,,1,1,2,,,,,,,,,,,1,2,,,,,,20868,2,1,2
3,,,,,1,,,,,2,,,,,,,,,,,,,,,,,,,,20876,2,1,2
1,,1,,,,,,,,1,1,2,,,,1,,1,1,,,,,2,,,,,,20948,2,1,2
3,,,,,1,,,,,2,,,,,,,,,,,,,,,,,,,,21131,4,1,4
3,,,,,1,,,,,2,,,,,,,,,,,,,,,,,,,,21226,2,1,2
3,,,,,1,,,,,2,,,,,,,,,,,,,,,,,,,,21242,3,1,3
3,,,,,1,,,,,2,,,,,,,,,,,,,,,,,,,,21302,3,1,3
3,,,1,,,,,,,2,,,,,,,,,,,,,,,,,,,,21396,2,1,2
3,,,,,1,,,,,2,,,,,,,,,,,,,,,,,,,,21478,6,1,6
2,,,,,1,,,,,1,2,,,,,,,,,,,,,,,,,,,21515,2,1,2
3,,,1,,,,,,,1,2,,,,,,,,,,,,,,,,,,,21715,1,1,1
3,,,,,1,,,,,2,,,,,,,,,,,,,,,,,,,,21728,2,1,2
2,,1,,,,,,,,2,,,,,,,,,,,,,,,,,,,,21767,2,1,2
3,,,,1,,,,,,2,,,,,,,,,,,,,,,,,,,,21777,2,1,2
3,,,,1,1,,,,,2,,,,,,,,,,,,,,,,,,,,21788,2,1,2
3,,,,,1,,,,,2,,,,,,,,,,,,,,,,,,,,21893,2,1,2
3,,,,,1,,,,,2,,,,,,,,,,,,,,,,,,,,22028,2,1,2
3,,,1,1,,,,,,1,2,,,,,,,,,,,,,,,,,,,22034,1,1,1
3,,,,1,,,,,,2,,,,,,,,,,,,,,,,,,,,22093,2,1,2
9,,,,,1,,,,,1,2,,,,,,,,,,,,,,,,,,,22149,2,1,2
3,,,1,1,,,,,,2,,,,,,,,,,,,,,,,,,,,22197,1,1,1
2,,,,,1,,,,,1,2,,,,,,,,,,,,,,,,,,,22431,2,1,2
3,,,,,1,,,,,2,,,,,,,,,,,,,,,,,,,,22475,1,1,1
3,,1,,,,,,,,1,2,,,,,,,,,,,,,,,,,,,22476,1,1,1
3,,,,,1,,,,,1,1,30,,,1,,,,,,1,,1,2,,,,,,22491,1,1,1
3,,,,1,,,,,,2,,,,,,,,,,,,,,,,,,,,22500,1,1,1
3,,,,,1,,,,,2,,,,,,,,,,,,,,,,,,,,22531,2,1,2
1,,,,1,,,,,,1,1,1,,,,,,,,,,,1,2,,,,,,22647,2,1,2
2,,,,,1,,,,,1,2,,,,,,,,,,,,,,,,,,,22704,2,1,2
3,,1,,,,,,,,2,,,,,,,,,,,,,,,,,,,,22756,1,1,1
3,,,,,1,,,,,2,,,,,,,,,,,,,,,,,,,,22850,2,1,2
3,,,,1,,,,,,2,,,,,,,,,,,,,,,,,,,,22892,1,1,1
3,,1,,,,,,,,1,2,,,,,,,,,,,,,,,,,,,22932,4,1,4
2,,,,,1,,,,,1,2,,,,,,,,,,,,,,,,,,,22964,1,1,1
3,,1,,,,,,,,2,,,,,,,,,,,,,,,,,,,,22980,1,1,1
3,,,,,1,,,,,2,,,,,,,,,,,,,,,,,,,,23193,4,1,4
3,,,,,1,,,,,2,,,,,,,,,,,,,,,,,,,,23243,1,1,1
3,,,,,1,,,,,2,,,,,,,,,,,,,,,,,,,,23597,1,1,1
3,1,,,,,,,,,2,,,,,,,,,,,,,,,,,,,,23818,1,1,1
2,,,,1,,,,,,1,2,,,,,,,,,,,,,,,,,,,23845,1,1,1
3,,,,,1,,,,,2,,,,,,,,,,,,,,,,,,,,23865,1,1,1
3,,,,,1,,,,,1,2,,,,,,,,,,,,,,,,,,,23924,2,1,2
3,,,,,1,,,,,2,,,,,,,,,,,,,,,,,,,,23954,3,1,3
3,,,,1,,,,,,1,2,,,,,,,,,,,,,,,,,,,24097,2,1,2
3,,,,1,,,,,,2,,,,,,,,,,,,,,,,,,,,24211,1,1,1
3,,,,,1,,,,,2,,,,,,,,,,,,,,,,,,,,24326,1,1,1
3,,1,,,,,,,,2,,,,,,,,,,,,,,,,,,,,24389,1,1,1
3,,1,,,,,,,,2,,,,,,,,,,,,,,,,,,,,24414,1,1,1
3,,,,,1,,,,,2,,,,,,,,,,,,,,,,,,,,24440,2,1,2
3,,1,,,,,,,,1,2,,,,,,,,,,,,,,,,,,,24503,3,1,3
3,,,,,1,,,,,2,,,,,,,,,,,,,,,,,,,,24544,1,1,1
2,,,,1,,,,,,2,,,,,,,,,,,,,,,,,,,,24631,1,1,1
2,,,1,,,,,,,1,2,,,,,,,,,,,,,,,,,,,24650,1,1,1
3,1,,,,,,,,,2,,,,,,,,,,,,,,,,,,,,24668,2,1,2
3,,1,,,,,,,,2,,,,,,,,,,,,,,,,,,,,24747,2,1,2
3,,,,1,,,,,,2,,,,,,,,,,,,,,,,,,,,24769,3,1,3
3,,,,1,,,,,,2,,,,,,,,,,,,,,,,,,,,24882,1,1,1
3,,,,1,,,,,,2,,,,,,,,,,,,,,,,,,,,24900,1,1,1
3,,,,,1,,,,,2,,,,,,,,,,,,,,,,,,,,24919,3,1,3
2,,,,,1,,,,,1,2,,,,,,,,,,,,,,,,,,,25049,1,1,1
3,,,,1,,,,,,2,,,,,,,,,,,,,,,,,,,,25173,1,1,1
3,,,,1,,,,,,2,,,,,,,,,,,,,,,,,,,,25209,1,1,1
2,,,1,,,,,,,1,2,,,,,,,,,,,,,,,,,,,25293,1,1,1
3,,,,,1,,,,,2,,,,,,,,,,,,,,,,,,,,25411,2,1,2
1,,,,,1,,,,,1,1,1,,,,,,,,,,,1,2,,,,,,25431,3,1,3
3,,1,1,,,,,,,2,,,,,,,,,,,,,,,,,,,,25699,1,1,1
3,,,,,1,,,,,1,1,3,,,1,,,,,,,,,2,,,,,,25713,3,1,3
3,,,,,,1,,,,2,,,,,,,,,,,,,,,,,,,,25808,1,1,1
3,,,,,1,,,,,2,,,,,,,,,,,,,,,,,,,,25927,1,1,1
3,,1,,,,,,,,2,,,,,,,,,,,,,,,,,,,,25955,1,1,1
3,1,,,,,,,,,2,,,,,,,,,,,,,,,,,,,,25984,2,1,2
3,,,,1,,,,,,2,,,,,,,,,,,,,,,,,,,,25985,2,1,2
2,,,,1,,,,,,1,2,,,,,,,,,,,,,,,,,,,26102,7,1,7
2,,,1,,,,,,,1,2,,,,,,,,,,,,,,,,,,,26147,3,1,3
2,,,,,1,,,,,1,2,,,,,,,,,,,,,,,,,,,26214,1,1,1
3,,,,,1,,,,,1,1,30,,,,,,,,,,,1,2,,,,,,26229,2,1,2
3,,,,,1,,,,,2,,,,,,,,,,,,,,,,,,,,26421,2,1,2
2,,,,1,,,,,,1,2,,,,,,,,,,,,,,,,,,,26457,2,1,2
3,,,,,1,,,,,2,,,,,,,,,,,,,,,,,,,,26578,1,1,1
2,,,,1,,,,,,1,2,,,,,,,,,,,,,,,,,,,26713,4,1,4
3,,,,,,1,,,,2,,,,,,,,,,,,,,,,,,,,26739,5,1,5
3,,,,,1,,,,,2,,,,,,,,,,,,,,,,,,,,26765,2,1,2
3,,,,,1,,,,,2,,,,,,,,,,,,,,,,,,,,26811,1,1,1
1,,,,1,,,,,,1,1,7,,,,,,,,,,1,,2,,,,,,26829,3,1,3
3,,,,,1,,,,,2,,,,,,,,,,,,,,,,,,,,26854,1,1,1
3,1,,1,1,1,,,,,2,,,,,,,,,,,,,,,,,,,,26872,2,1,2
2,,,,,1,,,,,1,2,,,,,,,,,,,,,,,,,,,26948,2,1,2
3,,,,1,,,,,,1,1,2,,,,,,,,1,,,,2,,,,,,27052,1,1,1
3,,1,,,,,,,,2,,,,,,,,,,,,,,,,,,,,27128,1,1,1
2,,,,1,,,,,,1,2,,,,,,,,,,,,,,,,,,,27290,2,1,2
3,,,,,1,,,,,2,,,,,,,,,,,,,,,,,,,,27291,1,1,1
3,,,,,1,,,,,1,2,,,,,,,,,,,,,,,,,,,27685,2,1,2
3,,,,,1,,,,,2,,,,,,,,,,,,,,,,,,,,27717,1,1,1
3,,,,1,,,,,,2,,,,,,,,,,,,,,,,,,,,27872,4,1,4
3,1,,,,,,,,,2,,,,,,,,,,,,,,,,,,,,27907,5,1,5
3,,,,1,,,,,,2,,,,,,,,,,,,,,,,,,,,28215,4,1,4
3,,,,,1,,,,,2,,,,,,,,,,,,,,,,,,,,28274,2,1,2
3,,1,,,,,,,,2,,,,,,,,,,,,,,,,,,,,28303,1,1,1
3,,,,,1,,,,,2,,,,,,,,,,,,,,,,,,,,28360,1,1,1
3,,,,,1,,,,,2,,,,,,,,,,,,,,,,,,,,28475,1,1,1
2,,,,,1,,,,,1,2,,,,,,,,,,,,,,,,,,,28496,6,1,6
3,,,,1,,,,,,2,,,,,,,,,,,,,,,,,,,,28500,3,1,3
3,,1,,,,,,,,2,,,,,,,,,,,,,,,,,,,,28511,1,1,1
3,,,,1,,,,,,2,,,,,,,,,,,,,,,,,,,,28515,2,1,2
3,,,,,1,,,,,2,,,,,,,,,,,,,,,,,,,,28533,1,1,1
3,,,,1,,,,,,2,,,,,,,,,,,,,,,,,,,,28598,1,1,1
3,1,,,,,,,,,1,1,30,,,,,1,,,,,,,2,,,,,,28668,2,1,2
2,,,,,1,,,,,1,2,,,,,,,,,,,,,,,,,,,28705,1,1,1
2,,,,,1,,,,,1,2,,,,,,,,,,,,,,,,,,,28767,1,1,1
2,1,,,,,,,,,2,,,,,,,,,,,,,,,,,,,,28780,4,1,4
2,,,1,,,,,,,1,2,,,,,,,,,,,,,,,,,,,28796,3,1,3
3,,,,,1,,,,,1,2,,,,,,,,,,,,,,,,,,,28805,2,1,2
3,,,1,,,,,,,2,,,,,,,,,,,,,,,,,,,,28941,3,1,3
3,,,,,1,,,,,2,,,,,,,,,,,,,,,,,,,,28954,1,1,1
2,,,,,1,,,,,1,1,2,,,,,,,1,1,,,,2,,,,,,28989,2,1,2
3,1,,,,,,,,,2,,,,,,,,,,,,,,,,,,,,29008,3,1,3
3,,,,1,,,,,,2,,,,,,,,,,,,,,,,,,,,29039,1,1,1
3,1,,,,,,,,,2,,,,,,,,,,,,,,,,,,,,29040,1,1,1
3,,,,,1,,,,,2,,,,,,,,,,,,,,,,,,,,29051,1,1,1
3,,,,,1,,,,,2,,,,,,,,,,,,,,,,,,,,29131,2,1,2
9,,,,,1,,,,,2,,,,,,,,,,,,,,,,,,,,29143,1,1,1
3,,1,,,,,,,,2,,,,,,,,,,,,,,,,,,,,29421,1,1,1
3,,,,1,1,,,,,1,2,,,,,,,,,,,,,,,,,,,29534,1,1,1
3,,1,,,,,,,,1,2,,,,,,,,,,,,,,,,,,,29784,1,1,1
3,,,,1,,,,,,2,,,,,,,,,,,,,,,,,,,,29866,2,1,2
3,,,,,1,,,,,1,2,,,,,,,,,,,,,,,,,,,29936,4,1,4
3,,,,,1,,,,,2,,,,,,,,,,,,,,,,,,,,30080,2,1,2
1,1,,,,,,,,,2,,,,,,,,,,,,,,,,,,,,30163,2,1,2
3,,,,,1,,,,,1,2,,,,,,,,,,,,,,,,,,,30184,1,1,1
3,,,,,1,,,,,2,,,,,,,,,,,,,,,,,,,,30194,2,1,2
3,,,,,1,,,,,2,,,,,,,,,,,,,,,,,,,,30551,2,1,2
3,,,,,1,,,,,2,,,,,,,,,,,,,,,,,,,,30741,1,1,1
3,,,,,1,,,,,2,,,,,,,,,,,,,,,,,,,,30757,1,1,1
3,,1,,,,,,,,1,2,,,,,,,,,,,,,,,,,,,30809,1,1,1
2,,,,1,,,,,,1,2,,,,,,,,,,,,,,,,,,,31147,3,1,3
3,,,,1,,,,,,2,,,,,,,,,,,,,,,,,,,,31335,1,1,1
3,,,1,,,,,,,2,,,,,,,,,,,,,,,,,,,,31337,1,1,1
3,,,,,1,,,,,1,1,7,1,,,,,,,,,,,1,,,1,,,31408,1,1,1
3,,,,1,,,,,,2,,,,,,,,,,,,,,,,,,,,31432,2,1,2
3,1,,,1,,,,,,1,1,30,,,,,,,,,,,1,2,,,,,,31480,1,1,1
3,,1,,1,,,,,,2,,,,,,,,,,,,,,,,,,,,31523,6,1,6
3,,,,1,,,,,,2,,,,,,,,,,,,,,,,,,,,31524,2,1,2
3,,1,,,,,,,,2,,,,,,,,,,,,,,,,,,,,31579,4,1,4
3,,1,,,,,,,,2,,,,,,,,,,,,,,,,,,,,31591,2,1,2
3,,,,,1,,,,,2,,,,,,,,,,,,,,,,,,,,31598,1,1,1
3,1,,,,,,,,,2,,,,,,,,,,,,,,,,,,,,31615,1,1,1
3,,,,,1,,,,,2,,,,,,,,,,,,,,,,,,,,31669,1,1,1
3,,,,1,,,,,,2,,,,,,,,,,,,,,,,,,,,31687,1,1,1
3,,,,,1,,,,,2,,,,,,,,,,,,,,,,,,,,31829,1,1,1
3,,1,,,,,,,,2,,,,,,,,,,,,,,,,,,,,31888,3,1,3
2,,,,,1,,,,,1,2,,,,,,,,,,,,,,,,,,,31992,3,1,3
3,,,,1,,,,,,2,,,,,,,,,,,,,,,,,,,,32154,3,1,3
3,,,,1,,,,,,2,,,,,,,,,,,,,,,,,,,,32243,2,1,2
3,,,1,,,,,,,2,,,,,,,,,,,,,,,,,,,,32369,1,1,1
3,,,1,,,,,,,2,,,,,,,,,,,,,,,,,,,,32439,2,1,2
3,,,,1,,,,,,2,,,,,,,,,,,,,,,,,,,,32510,1,1,1
3,,,,,1,,,,,2,,,,,,,,,,,,,,,,,,,,32637,1,1,1
3,,,,,1,,,,,2,,,,,,,,,,,,,,,,,,,,32837,1,1,1
3,,,,1,,,,,,2,,,,,,,,,,,,,,,,,,,,32970,2,1,2
3,,,,,1,,,,,2,,,,,,,,,,,,,,,,,,,,33232,4,1,4
3,,,,1,,,,,,2,,,,,,,,,,,,,,,,,,,,33274,2,1,2
3,,1,,1,1,,,,,2,,,,,,,,,,,,,,,,,,,,33313,3,1,3
3,,,,,1,,,,,2,,,,,,,,,,,,,,,,,,,,33325,1,1,1
2,1,,,,,,,,,1,2,,,,,,,,,,,,,,,,,,,33443,2,1,2
3,,1,,,,,,,,2,,,,,,,,,,,,,,,,,,,,33503,1,1,1
3,,,,,1,,,,,2,,,,,,,,,,,,,,,,,,,,33646,1,1,1
3,,1,,,,,,,,1,1,10,,,1,,,,,,,,,2,,,,,,33654,2,1,2
2,,,,1,,,,,,1,2,,,,,,,,,,,,,,,,,,,33664,1,1,1
2,1,,,,,,,,,1,2,,,,,,,,,,,,,,,,,,,33892,1,1,1
3,,,,,1,,,,,2,,,,,,,,,,,,,,,,,,,,34042,2,1,2
3,1,,,,,,,,,2,,,,,,,,,,,,,,,,,,,,34111,1,1,1
3,,,1,,,,,,,2,,,,,,,,,,,,,,,,,,,,34119,1,1,1
3,,,,1,,,,,,2,,,,,,,,,,,,,,,,,,,,34314,3,1,3
2,,,,,1,,,,,1,1,2,,,,,,,,,,,1,2,,,,,,34357,1,1,1
3,,,,,1,,,,,1,2,,,,,,,,,,,,,,,,,,,34435,1,1,1
3,,,,1,,,,,,1,1,5,,,,,,,,,,1,,2,,,,,,34559,3,1,3
3,1,,,,,,,,,1,1,30,,,,,,,,,,,1,2,,,,,,34601,1,1,1
3,,,,1,,,,,,2,,,,,,,,,,,,,,,,,,,,34630,2,1,2
3,,1,,,,,,,,1,2,,,,,,,,,,,,,,,,,,,34654,2,1,2
3,,,,,1,,,,,2,,,,,,,,,,,,,,,,,,,,34674,3,1,3
3,,1,,,,,,,,2,,,,,,,,,,,,,,,,,,,,34682,1,1,1
3,,,,,1,,,,,2,,,,,,,,,,,,,,,,,,,,34688,4,1,4
3,,1,,1,,,,,,2,,,,,,,,,,,,,,,,,,,,34697,1,1,1
3,1,,,,,,,,,2,,,,,,,,,,,,,,,,,,,,34706,2,1,2
3,,1,,,,,,,,2,,,,,,,,,,,,,,,,,,,,34801,1,1,1
3,,,,1,,,,,,2,,,,,,,,,,,,,,,,,,,,35117,2,1,2
2,1,,,,,,,,,1,2,,,,,,,,,,,,,,,,,,,35126,2,1,2
2,,,,,1,,,,,1,1,10,,,,,,,,,,,1,2,,,,,,35874,1,1,1
3,,,1,,,,,,,1,2,,,,,,,,,,,,,,,,,,,36044,3,1,3
3,,,,1,,,,,,2,,,,,,,,,,,,,,,,,,,,36182,3,1,3
3,,,,,1,,,,,2,,,,,,,,,,,,,,,,,,,,36290,1,1,1
2,,,,,1,,,,,1,1,30,,,1,1,,,,,,,,2,,,,,,36530,3,1,3
3,,,,,1,,,,,2,,,,,,,,,,,,,,,,,,,,36580,2,1,2
3,,,,,1,,,,,2,,,,,,,,,,,,,,,,,,,,36590,4,1,4
3,,,,,1,,,,,2,,,,,,,,,,,,,,,,,,,,36706,2,1,2
3,,,,1,,,,,,2,,,,,,,,,,,,,,,,,,,,36822,2,1,2
3,1,,,,,,,,,2,,,,,,,,,,,,,,,,,,,,37000,3,1,3
3,,,,,1,,,,,2,,,,,,,,,,,,,,,,,,,,37008,3,1,3
3,,,,,1,,,,,2,,,,,,,,,,,,,,,,,,,,37059,2,1,2
3,,,,,1,,,,,2,,,,,,,,,,,,,,,,,,,,37063,2,1,2
3,,,,,1,,,,,1,1,30,,,,,1,,,,,,,2,,,,,,37067,1,1,1
3,,,,,1,,,,,2,,,,,,,,,,,,,,,,,,,,37090,1,1,1
3,,,,,1,,,,,2,,,,,,,,,,,,,,,,,,,,37150,2,1,2
3,,,,,1,,,,,2,,,,,,,,,,,,,,,,,,,,37274,1,1,1
3,,,,,1,,,,,2,,,,,,,,,,,,,,,,,,,,37323,2,1,2
3,,,,1,,,,,,2,,,,,,,,,,,,,,,,,,,,37509,2,1,2
3,,1,,1,1,,,,,2,,,,,,,,,,,,,,,,,,,,37570,5,1,5
3,,,,,1,,,,,2,,,,,,,,,,,,,,,,,,,,38111,1,1,1
3,,,,,1,,,,,2,,,,,,,,,,,,,,,,,,,,38197,1,1,1
3,,,,,1,,,,,2,,,,,,,,,,,,,,,,,,,,38317,1,1,1
3,,,,,1,,,,,2,,,,,,,,,,,,,,,,,,,,38385,4,1,4
3,,1,,,,,,,,2,,,,,,,,,,,,,,,,,,,,38535,4,1,4
3,,,,,1,,,,,2,,,,,,,,,,,,,,,,,,,,38568,1,1,1
3,,,,1,,,,,,2,,,,,,,,,,,,,,,,,,,,38771,1,1,1
3,,,,1,,,,,,2,,,,,,,,,,,,,,,,,,,,38790,3,1,3
3,,,,,1,,,,,2,,,,,,,,,,,,,,,,,,,,38793,1,1,1
3,,,,1,,,,,,1,2,,,,,,,,,,,,,,,,,,,38804,1,1,1
2,,,,1,,,,,,1,1,3,,,1,,,,,,,,,2,,,,,,38827,4,1,4
3,,,,,1,,,,,2,,,,,,,,,,,,,,,,,,,,38896,3,1,3
3,,,,,1,,,,,2,,,,,,,,,,,,,,,,,,,,38900,1,1,1
9,,1,,,,,,,,2,,,,,,,,,,,,,,,,,,,,39074,1,1,1
3,,,,1,,,,,,1,1,1,,,,,,,,1,,,,2,,,,,,39122,1,1,1
3,,,,,1,,,,,2,,,,,,,,,,,,,,,,,,,,39281,3,1,3
2,,,,1,,,,,,1,2,,,,,,,,,,,,,,,,,,,39384,1,1,1
3,,1,,,,,,,,2,,,,,,,,,,,,,,,,,,,,39509,2,1,2
2,,,,,1,,,,,1,2,,,,,,,,,,,,,,,,,,,39583,1,1,1
3,,,,1,,,,,,2,,,,,,,,,,,,,,,,,,,,39617,3,1,3
2,,,,,1,,,,,1,2,,,,,,,,,,,,,,,,,,,39721,4,1,4
3,,,,,1,,,,,1,2,,,,,,,,,,,,,,,,,,,39757,3,1,3
3,,,,,1,,,,,2,,,,,,,,,,,,,,,,,,,,39904,3,1,3
3,,,1,,,,,,,2,,,,,,,,,,,,,,,,,,,,39909,4,1,4
3,,,,,1,,,,,2,,,,,,,,,,,,,,,,,,,,39925,1,1,1
3,,,,,1,,,,,1,1,3,,,,,,,,,,,1,2,,,,,,39971,3,1,3
3,,,,,1,,,,,2,,,,,,,,,,,,,,,,,,,,40090,1,1,1
3,,,,,1,,,,,2,,,,,,,,,,,,,,,,,,,,40401,1,1,1
3,,,,1,,,,,,2,,,,,,,,,,,,,,,,,,,,40534,1,1,1
3,,,1,,,,,,,2,,,,,,,,,,,,,,,,,,,,40573,2,1,2
3,1,,,,,,,,,2,,,,,,,,,,,,,,,,,,,,40588,1,1,1
3,,,,,1,,,,,2,,,,,,,,,,,,,,,,,,,,40623,1,1,1
3,,1,,,,,,,,2,,,,,,,,,,,,,,,,,,,,40682,1,1,1
3,,,,,1,,,,,1,2,,,,,,,,,,,,,,,,,,,40705,1,1,1
3,1,,,,,,,,,2,,,,,,,,,,,,,,,,,,,,40723,2,1,2
3,,1,,,,,,,,2,,,,,,,,,,,,,,,,,,,,40770,1,1,1
3,1,,,,,,,,,2,,,,,,,,,,,,,,,,,,,,40822,1,1,1
3,,,,,1,,,,,2,,,,,,,,,,,,,,,,,,,,41056,3,1,3
3,,,,,1,,,,,1,2,,,,,,,,,,,,,,,,,,,41090,1,1,1
3,,,,,1,,,,,2,,,,,,,,,,,,,,,,,,,,41108,1,1,1
3,,,,,1,,,,,2,,,,,,,,,,,,,,,,,,,,41169,2,1,2
3,,,,,,,,1,,2,,,,,,,,,,,,,,,,,,,,41240,1,1,1
1,,,,,1,,,,,1,1,99,,,,,,,,1,,,,2,,,,,,41289,2,1,2
3,,,,1,,,,,,1,1,15,,,,,,,,,,,1,2,,,,,,41377,3,1,3
3,,,,,1,,,,,1,2,,,,,,,,,,,,,,,,,,,41385,1,1,1
3,,,,,1,,,,,2,,,,,,,,,,,,,,,,,,,,41637,2,1,2
1,,,,1,,,,,,1,2,,,,,,,,,,,,,,,,,,,41795,2,1,2
3,,,,,1,,,,,2,,,,,,,,,,,,,,,,,,,,41835,1,1,1
3,,,1,,,,,,,2,,,,,,,,,,,,,,,,,,,,41895,2,1,2
3,,,,,,1,,,,1,1,1,,,,,,,,,,,1,2,,,,,,42074,1,1,1
3,,,,,1,,,,,2,,,,,,,,,,,,,,,,,,,,42200,1,1,1
2,,,,,1,,,,,1,2,,,,,,,,,,,,,,,,,,,42219,2,1,2
3,,,,,1,,,,,2,,,,,,,,,,,,,,,,,,,,42238,1,1,1
3,,,,,1,,,,,2,,,,,,,,,,,,,,,,,,,,42247,1,1,1
3,,1,,,,,,,,2,,,,,,,,,,,,,,,,,,,,42302,1,1,1
3,,,,,1,,,,,2,,,,,,,,,,,,,,,,,,,,42339,1,1,1
3,,,,1,1,,,,,2,,,,,,,,,,,,,,,,,,,,42469,1,1,1
3,,,,,,,,1,,2,,,,,,,,,,,,,,,,,,,,42482,3,1,3
3,,,,,,,,1,,2,,,,,,,,,,,,,,,,,,,,42609,1,1,1
3,,,,,1,,,,,1,1,3,,1,,,,,,,,,,2,,,,,,42911,3,1,3
3,,,,1,,,,,,2,,,,,,,,,,,,,,,,,,,,42924,3,1,3
3,,,,1,,,,,,1,1,20,,,1,,,,,,,,,2,,,,,,42981,3,1,3
3,,,1,,,,,,,2,,,,,,,,,,,,,,,,,,,,43020,1,1,1
3,,,,,1,,,,,2,,,,,,,,,,,,,,,,,,,,43043,3,1,3
2,,,,,1,,,,,1,2,,,,,,,,,,,,,,,,,,,43081,2,1,2
1,,,,1,,,,,,1,1,30,,,,,1,,,,,,,2,,,,,,43270,1,1,1
3,,1,,,,,,,,2,,,,,,,,,,,,,,,,,,,,43319,4,1,4
3,,,1,,,,,,,2,,,,,,,,,,,,,,,,,,,,43324,1,1,1
3,,,,,1,,,,,1,1,15,,1,1,,1,,,,,,,2,,,,,,43438,1,1,1
3,,,1,,1,,,,,2,,,,,,,,,,,,,,,,,,,,43589,2,1,2
3,,,,,1,,,,,2,,,,,,,,,,,,,,,,,,,,43596,2,1,2
3,,1,,,,,,,,2,,,,,,,,,,,,,,,,,,,,43782,1,1,1
3,,,1,,,,,,,2,,,,,,,,,,,,,,,,,,,,43804,3,1,3
3,,,,1,,,,,,2,,,,,,,,,,,,,,,,,,,,43892,1,1,1
3,,,1,,,,,,,2,,,,,,,,,,,,,,,,,,,,44019,1,1,1
3,,,,,1,,,,,2,,,,,,,,,,,,,,,,,,,,44039,1,1,1
3,,,,1,,,,,,2,,,,,,,,,,,,,,,,,,,,44122,3,1,3
3,,,,,1,,,,,2,,,,,,,,,,,,,,,,,,,,44127,4,1,4
3,,,,,1,,,,,1,2,,,,,,,,,,,,,,,,,,,44246,2,1,2
3,,,,,1,,,,,2,,,,,,,,,,,,,,,,,,,,44256,3,1,3
3,,,,1,,,,,,2,,,,,,,,,,,,,,,,,,,,44304,1,1,1
3,,,,,1,,,,,2,,,,,,,,,,,,,,,,,,,,44334,1,1,1
3,,,,1,,,,,,2,,,,,,,,,,,,,,,,,,,,44381,1,1,1
3,,,1,,,,,,,1,1,20,,,,,,1,,,,,,2,,,,,,44430,1,1,1
3,,,,1,,,,,,2,,,,,,,,,,,,,,,,,,,,44516,1,1,1
3,1,,,,,,,,,1,1,30,,,,,,,,,,,1,2,,,,,,44935,1,1,1
3,,,,,,,,1,,2,,,,,,,,,,,,,,,,,,,,45043,2,1,2
3,1,,,,,,,,,2,,,,,,,,,,,,,,,,,,,,45084,2,1,2
3,,,,,1,,,,,2,,,,,,,,,,,,,,,,,,,,45149,2,1,2
3,,1,,,,,,,,2,,,,,,,,,,,,,,,,,,,,45201,5,1,5
3,,,,,,,,1,,2,,,,,,,,,,,,,,,,,,,,45216,1,1,1
3,,,,1,,,,,,2,,,,,,,,,,,,,,,,,,,,45284,1,1,1
3,,,,,,,,1,,1,2,,,,,,,,,,,,,,,,,,,45503,2,1,2
3,,,,,1,,,,,2,,,,,,,,,,,,,,,,,,,,45577,2,1,2
3,,,,,1,,,,,2,,,,,,,,,,,,,,,,,,,,45616,3,1,3
3,,,,,1,,,,,2,,,,,,,,,,,,,,,,,,,,45958,1,1,1
3,,,1,,,,,,,2,,,,,,,,,,,,,,,,,,,,46043,2,1,2
3,,,,,1,,,,,2,,,,,,,,,,,,,,,,,,,,46260,3,1,3
3,,,,,1,,,,,2,,,,,,,,,,,,,,,,,,,,46314,1,1,1
3,,,,,1,,,,,2,,,,,,,,,,,,,,,,,,,,46416,1,1,1
1,,1,,,,,,,,1,1,10,,,,,,,1,,,,,2,,,,,,46450,2,1,2
3,,,,,1,,,,,1,2,,,,,,,,,,,,,,,,,,,46564,2,1,2
3,,,,,1,,,,,2,,,,,,,,,,,,,,,,,,,,46590,2,1,2
2,,,,,1,,,,,1,2,,,,,,,,,,,,,,,,,,,46646,2,1,2
1,,,,,1,,,,,1,1,4,,,,,,,,,,,1,2,,,,,,46740,3,1,3
3,,,,1,,,,,,2,,,,,,,,,,,,,,,,,,,,46786,2,1,2
1,,,,,1,,,,,1,1,10,1,,,,,,,,,,,2,,,,,,47040,1,1,1
3,,,,,1,,,,,2,,,,,,,,,,,,,,,,,,,,47088,2,1,2
3,,,,,1,,,,,2,,,,,,,,,,,,,,,,,,,,47164,2,1,2
3,,,,1,,,,,,2,,,,,,,,,,,,,,,,,,,,47185,3,1,3
3,,,,1,,,,,,2,,,,,,,,,,,,,,,,,,,,47199,2,1,2
3,,,,,1,,,,,9,,,,,,,,,,,,,,,,,,,,47287,1,1,1
2,,,,,1,,,,,1,2,,,,,,,,,,,,,,,,,,,47364,3,1,3
3,,,,1,,,,,,1,1,4,,,1,,,,,,,,,2,,,,,,47389,2,1,2
3,,,,1,,,,,,1,2,,,,,,,,,,,,,,,,,,,47402,1,1,1
3,,,,,1,,,,,2,,,,,,,,,,,,,,,,,,,,47471,2,1,2
3,,,,,,1,,,,1,1,1,,,1,,,,,,,,,2,,,,,,47860,2,1,2
3,,,,,1,,,,,1,2,,,,,,,,,,,,,,,,,,,47867,1,1,1
2,,,1,,,,,,,1,2,,,,,,,,,,,,,,,,,,,48097,2,1,2
3,,,,1,,,,,,2,,,,,,,,,,,,,,,,,,,,48199,5,1,5
3,,,,,1,,,,,1,2,,,,,,,,,,,,,,,,,,,48489,2,1,2
3,,,,,1,,,,,2,,,,,,,,,,,,,,,,,,,,48507,1,1,1
3,,,,,1,,,,,2,,,,,,,,,,,,,,,,,,,,48528,1,1,1
3,,1,,1,,,,,,2,,,,,,,,,,,,,,,,,,,,48670,1,1,1
2,,,,,1,,,,,1,2,,,,,,,,,,,,,,,,,,,48706,3,1,3
3,,,,,1,,,,,2,,,,,,,,,,,,,,,,,,,,48762,2,1,2
3,,1,,,,,,,,2,,,,,,,,,,,,,,,,,,,,48825,4,1,4
3,,,,,1,,,,,2,,,,,,,,,,,,,,,,,,,,48883,2,1,2
3,,,1,,,,,,,2,,,,,,,,,,,,,,,,,,,,48985,1,1,1
3,1,,,,,,,,,1,1,30,,,,,,1,,,,,1,1,,,1,,,48999,1,1,1
1,,,,1,,,,,,2,,,,,,,,,,,,,,,,,,,,49055,3,1,3
3,,,,,1,,,,,2,,,,,,,,,,,,,,,,,,,,49139,1,1,1
3,1,,,,,,,,,2,,,,,,,,,,,,,,,,,,,,49141,3,1,3
3,,,,,1,,,,,1,2,,,,,,,,,,,,,,,,,,,49245,1,1,1
3,,1,,1,,,,,,2,,,,,,,,,,,,,,,,,,,,49254,3,1,3
3,,,,,1,,,,,1,1,1,,,,,1,,,,,,,2,,,,,,49266,1,1,1
3,,,,,1,,,,,1,2,,,,,,,,,,,,,,,,,,,49329,2,1,2
3,,1,,,,,,,,2,,,,,,,,,,,,,,,,,,,,49480,2,1,2
3,,,,,1,,,,,1,1,2,,,,,1,,,,,,,2,,,,,,49558,3,1,3
3,,,,,1,,,,,2,,,,,,,,,,,,,,,,,,,,49777,1,1,1
3,,1,,,,,,,,2,,,,,,,,,,,,,,,,,,,,49927,1,1,1
3,,,,1,,,,,,2,,,,,,,,,,,,,,,,,,,,49952,2,1,2
3,,1,,1,,,,,,2,,,,,,,,,,,,,,,,,,,,49973,1,1,1
3,,,,,1,,,,,2,,,,,,,,,,,,,,,,,,,,50031,1,1,1
3,,,,1,,,,,,2,,,,,,,,,,,,,,,,,,,,50178,1,1,1
3,1,,,,,,,,,2,,,,,,,,,,,,,,,,,,,,50221,1,1,1
3,,,,,1,,,,,2,,,,,,,,,,,,,,,,,,,,50244,2,1,2
2,,,,,1,,,,,1,2,,,,,,,,,,,,,,,,,,,50309,2,1,2
3,,1,,,,,,,,2,,,,,,,,,,,,,,,,,,,,50345,2,1,2
3,,,,,,,,,1,2,,,,,,,,,,,,,,,,,,,,50432,1,1,1
3,,,,1,,,,,,2,,,,,,,,,,,,,,,,,,,,50475,3,1,3
3,,,,1,,,,,,2,,,,,,,,,,,,,,,,,,,,50488,2,1,2
3,,1,,,,,,,,2,,,,,,,,,,,,,,,,,,,,50489,1,1,1
3,,,,,1,,,,,2,,,,,,,,,,,,,,,,,,,,50523,1,1,1
3,,,,1,,,,,,1,2,,,,,,,,,,,,,,,,,,,50545,1,1,1
3,,,,1,,,,,,2,,,,,,,,,,,,,,,,,,,,50585,1,1,1
3,,1,,,,,,,,2,,,,,,,,,,,,,,,,,,,,50609,1,1,1
3,,1,,,,,,,,1,1,30,,,1,,,1,,,,,,1,,,1,,,50682,1,1,1
3,,1,,1,1,,,,,2,,,,,,,,,,,,,,,,,,,,50737,1,1,1
3,,,,,1,,,,,2,,,,,,,,,,,,,,,,,,,,50819,3,1,3
3,,1,,,,,,,,2,,,,,,,,,,,,,,,,,,,,50944,3,1,3
3,,,,,1,,,,,2,,,,,,,,,,,,,,,,,,,,50986,3,1,3
3,,,,,1,,,,,2,,,,,,,,,,,,,,,,,,,,50988,1,1,1
3,,,,,1,,,,,2,,,,,,,,,,,,,,,,,,,,50990,3,1,3
3,,,,,1,,,,,2,,,,,,,,,,,,,,,,,,,,51048,2,1,2
3,,,,,1,,,,,1,1,5,,,,,,,,,,,1,2,,,,,,51064,3,1,3
3,,,,,,,,1,,2,,,,,,,,,,,,,,,,,,,,51093,2,1,2
2,,,,,1,,,,,1,2,,,,,,,,,,,,,,,,,,,51096,1,1,1
9,,,,,,,,1,,2,,,,,,,,,,,,,,,,,,,,51148,3,1,3
3,,,,,1,,,,,2,,,,,,,,,,,,,,,,,,,,51221,2,1,2
2,,,,1,,,,,,1,2,,,,,,,,,,,,,,,,,,,51301,4,1,4
3,,,,,1,,,,,2,,,,,,,,,,,,,,,,,,,,51462,2,1,2
3,,,,,1,,,,,2,,,,,,,,,,,,,,,,,,,,51552,4,1,4
3,,,,,1,,,,,1,2,,,,,,,,,,,,,,,,,,,51621,1,1,1
3,1,,,,,,,,,2,,,,,,,,,,,,,,,,,,,,51735,1,1,1
3,,,,,1,,,,,1,2,,,,,,,,,,,,,,,,,,,51769,2,1,2
3,,,,,1,,,,,2,,,,,,,,,,,,,,,,,,,,51932,3,1,3
3,,,1,,,,,,,2,,,,,,,,,,,,,,,,,,,,51995,1,1,1
1,,,,,1,,,,,1,1,1,,,,,1,,,,,,,2,,,,,,52046,3,1,3
1,,,,,1,,,,,1,1,30,,,,,,,,,,,1,2,,,,,,52156,3,1,3
3,,1,,,,,,,,2,,,,,,,,,,,,,,,,,,,,52701,2,1,2
3,,,,1,,,,,,2,,,,,,,,,,,,,,,,,,,,52779,3,1,3
3,,,,,1,,,,,2,,,,,,,,,,,,,,,,,,,,52825,1,1,1
3,,,,,,1,,,,2,,,,,,,,,,,,,,,,,,,,52893,3,1,3
3,,1,,,,,,,,2,,,,,,,,,,,,,,,,,,,,53066,2,1,2
3,,,,1,,,,,,2,,,,,,,,,,,,,,,,,,,,53126,3,1,3
9,,,,,1,,,,,2,,,,,,,,,,,,,,,,,,,,53142,3,1,3
3,,,,,1,,,,,1,1,10,,,,,,,,,,,1,2,,,,,,53147,2,1,2
2,,,,,1,,,,,1,1,30,,,,,,,,,,,1,2,,,,,,53239,1,1,1
3,,,,,1,,,,,2,,,,,,,,,,,,,,,,,,,,53283,1,1,1
3,,,,1,,,,,,2,,,,,,,,,,,,,,,,,,,,53515,1,1,1
3,,,1,,,,,,,2,,,,,,,,,,,,,,,,,,,,53518,3,1,3
3,,1,,,,,,,,2,,,,,,,,,,,,,,,,,,,,53522,5,1,5
3,,1,,,,,,,,2,,,,,,,,,,,,,,,,,,,,53532,3,1,3
3,,,,,1,,,,,1,1,1,,,1,,,,,,,,,2,,,,,,53757,3,1,3
2,,,,,1,,,,,1,2,,,,,,,,,,,,,,,,,,,53822,2,1,2
3,,,,1,,,,,,2,,,,,,,,,,,,,,,,,,,,53846,1,1,1
3,,,,,1,,,,,2,,,,,,,,,,,,,,,,,,,,53952,2,1,2
3,,,,1,,,,,,2,,,,,,,,,,,,,,,,,,,,53988,3,1,3
3,,,1,,,,,,,1,2,,,,,,,,,,,,,,,,,,,54142,1,1,1
3,,,,1,,,,,,2,,,,,,,,,,,,,,,,,,,,54146,4,1,4
3,,,,,1,,,,,2,,,,,,,,,,,,,,,,,,,,54277,2,1,2
3,,,,,1,,,,,1,2,,,,,,,,,,,,,,,,,,,54284,1,1,1
3,,,,,1,,,,,2,,,,,,,,,,,,,,,,,,,,54396,1,1,1
3,,,,,1,,,,,2,,,,,,,,,,,,,,,,,,,,54400,1,1,1
1,,,,,1,,,,,1,1,1,,,,,,,,,,,1,2,,,,,,54530,1,1,1
3,,,,,1,,,,,2,,,,,,,,,,,,,,,,,,,,54574,1,1,1
3,,,,,1,,,,,1,1,2,,,1,,,,,,,,,2,,,,,,54585,1,1,1
3,,,,,1,,,,,2,,,,,,,,,,,,,,,,,,,,54651,3,1,3
3,,,,,1,,,,,2,,,,,,,,,,,,,,,,,,,,54856,2,1,2
3,,,,,1,,,,,2,,,,,,,,,,,,,,,,,,,,54903,1,1,1
3,,,,1,,,,,,2,,,,,,,,,,,,,,,,,,,,54913,1,1,1
3,,,,,1,,,,,2,,,,,,,,,,,,,,,,,,,,55125,1,1,1
3,,,,,1,,,,,2,,,,,,,,,,,,,,,,,,,,55129,3,1,3
3,,,,1,,,,,,2,,,,,,,,,,,,,,,,,,,,55192,1,1,1
3,,,,1,,,,,,1,1,1,,,1,,,,,,,,,2,,,,,,55468,1,1,1
3,,,,1,,,,,,2,,,,,,,,,,,,,,,,,,,,55546,3,1,3
3,,,,1,,,,,,1,1,3,,,1,,,,,,,,,2,,,,,,55700,1,1,1
3,,,,,1,,,,,2,,,,,,,,,,,,,,,,,,,,55753,1,1,1
3,,1,,,,,,,,1,1,1,,,1,,,,,,,,,1,,1,,,,55892,2,1,2
3,,,,,1,,,,,2,,,,,,,,,,,,,,,,,,,,56056,1,1,1
3,,,,,1,,,,,2,,,,,,,,,,,,,,,,,,,,56111,1,1,1
3,,,,,1,,,,,2,,,,,,,,,,,,,,,,,,,,56115,2,1,2
3,,,,1,,,,,,2,,,,,,,,,,,,,,,,,,,,56272,1,1,1
1,,,,,1,,,,,1,1,1,,,,,,,,,,,1,2,,,,,,56281,3,1,3
1,,,,1,,,,,,1,1,2,,,1,,,,,,,,,2,,,,,,56386,1,1,1
2,,,1,,,,,,,1,2,,,,,,,,,,,,,,,,,,,56421,4,1,4
3,,,,1,,,,,,2,,,,,,,,,,,,,,,,,,,,56569,2,1,2
3,,,1,,,,,,,2,,,,,,,,,,,,,,,,,,,,56605,2,1,2
3,,,1,,,,,,,2,,,,,,,,,,,,,,,,,,,,56699,2,1,2
3,,,,1,,,,,,2,,,,,,,,,,,,,,,,,,,,56710,1,1,1
3,,,,,1,,,,,1,2,,,,,,,,,,,,,,,,,,,56875,2,1,2
3,,,,,1,,,,,1,2,,,,,,,,,,,,,,,,,,,56957,1,1,1
2,,,1,,,,,,,1,2,,,,,,,,,,,,,,,,,,,56962,3,1,3
3,,,,,1,,,,,2,,,,,,,,,,,,,,,,,,,,57022,2,1,2
3,,,,,1,,,,,2,,,,,,,,,,,,,,,,,,,,57217,3,1,3
3,,,,,1,,,,,2,,,,,,,,,,,,,,,,,,,,57224,4,1,4
3,,,,,,,,1,,2,,,,,,,,,,,,,,,,,,,,57392,1,1,1
3,,,,,1,,,,,2,,,,,,,,,,,,,,,,,,,,57441,1,1,1
3,,,,1,,,,,,2,,,,,,,,,,,,,,,,,,,,57443,2,1,2
3,,,,,1,,,,,2,,,,,,,,,,,,,,,,,,,,57623,1,1,1
3,,,,,1,,,,,2,,,,,,,,,,,,,,,,,,,,57910,2,1,2
2,,1,,,,,,,,2,,,,,,,,,,,,,,,,,,,,57918,3,1,3
2,,,,,1,,,,,1,1,2,,,,,,,,,,,1,2,,,,,,57933,1,1,1
3,,,1,,,,,,,2,,,,,,,,,,,,,,,,,,,,57989,1,1,1
3,,,,1,,,,,,2,,,,,,,,,,,,,,,,,,,,58053,2,1,2
3,,,,1,,,,,,1,1,1,,,,,,,,,,,1,2,,,,,,58382,3,1,3
3,,,,,1,,,,,1,2,,,,,,,,,,,,,,,,,,,58409,2,1,2
2,,,,,1,,,,,1,2,,,,,,,,,,,,,,,,,,,58493,3,1,3
3,,,,1,,,,,,2,,,,,,,,,,,,,,,,,,,,58507,1,1,1
1,,,,1,,,,,,1,1,2,,,1,,,,,,,,,2,,,,,,58586,2,1,2
3,,,,,1,,,,,2,,,,,,,,,,,,,,,,,,,,58753,2,1,2
3,,,,,1,,,,,2,,,,,,,,,,,,,,,,,,,,58857,2,1,2
3,,,,,1,,,,,2,,,,,,,,,,,,,,,,,,,,58892,1,1,1
3,,,,,,,,1,,2,,,,,,,,,,,,,,,,,,,,58943,2,1,2
3,,,,,1,,,,,2,,,,,,,,,,,,,,,,,,,,58953,2,1,2
3,,,1,,,,,,,1,1,30,,,,,,,,,,,1,2,,,,,,59090,2,1,2
3,,,1,,,,,,,1,2,,,,,,,,,,,,,,,,,,,59095,3,1,3
3,1,,,,,,,,,2,,,,,,,,,,,,,,,,,,,,59100,1,1,1
3,,,,1,,,,,,2,,,,,,,,,,,,,,,,,,,,59249,1,1,1
9,,1,,,,,,,,2,,,,,,,,,,,,,,,,,,,,59316,3,1,3
3,,,1,,,,,,,2,,,,,,,,,,,,,,,,,,,,59339,3,1,3
3,,,,1,,,,,,2,,,,,,,,,,,,,,,,,,,,59346,1,1,1
3,,,,1,,,,,,2,,,,,,,,,,,,,,,,,,,,59429,3,1,3
3,,,,1,,,,,,2,,,,,,,,,,,,,,,,,,,,59465,3,1,3
3,,,1,,,,,,,2,,,,,,,,,,,,,,,,,,,,59573,2,1,2
3,,,,,1,,,,,2,,,,,,,,,,,,,,,,,,,,59585,4,1,4
3,,,,,1,,,,,2,,,,,,,,,,,,,,,,,,,,59636,1,1,1
1,,,,,1,,,,,1,1,15,,,,,,,,,,,1,2,,,,,,59652,1,1,1
3,,1,,,,,,,,2,,,,,,,,,,,,,,,,,,,,59670,2,1,2
3,,,,,1,,,,,2,,,,,,,,,,,,,,,,,,,,59700,3,1,3
2,,,,,1,,,,,1,1,3,,,1,,,,,,,,,2,,,,,,59703,2,1,2
3,,,,,1,,,,,2,,,,,,,,,,,,,,,,,,,,59711,2,1,2
3,1,,,,,,,,,2,,,,,,,,,,,,,,,,,,,,59817,2,1,2
3,,,,,1,,,,,2,,,,,,,,,,,,,,,,,,,,59835,1,1,1
