J_01,J_02,J_03,J_04,J_05_A,J_05_B,J_05_C,J_05_D,J_05_E,J_05_F,J_06_A,J_06_B,J_06_C,J_06_D,J_06_E,J_06_F,J_06_G,J_06_H,J_06_I,J_07,J_08,J_09,J_10,J_11,J_12,DIRECTORIO,SECUENCIA_ENCUESTA,SECUENCIA_P,ORDEN
3,2,,,,,,,,,,,,,,,,,,,,,,2,,279,1,1,1
,,,,,,,,,,,,,,,,,,,,,,,2,,420,3,1,3
,,,,,,,,,,,,,,,,,,,3,1,4,2,1,2,535,1,1,1
,,,,,,,,,,,,,,,,,,,3,2,,,2,,819,3,1,3
,,,,,,,,,,,,,,,,,,,9,9,,,9,,1236,2,1,2
,,,,,,,,,,,,,,,,,,,2,2,,,,,1345,4,1,4
,,,,,,,,,,,,,,,,,,,,,,,2,,1371,3,1,3
3,1,2,1,1,,,,,,,,1,,,,,,,,,,,1,1,1535,3,1,3
3,2,,,,,,,,,,,,,,,,,,,,,,,,1578,1,1,1
3,1,4,2,1,,1,,1,,,,1,,,,,,,3,2,,,2,,1742,7,1,7
3,1,2,1,,,1,,,,,1,1,1,,,1,,,,,,,,,1815,1,1,1
,,,,,,,,,,,,,,,,,,,,,,,2,,1825,4,1,4
,,,,,,,,,,,,,,,,,,,,,,,1,2,1865,5,1,5
3,2,,,,,,,,,,,,,,,,,,,,,,,,1949,6,1,6
,,,,,,,,,,,,,,,,,,,,,,,1,2,1953,2,1,2
3,2,,,,,,,,,,,,,,,,,,,,,,,,2013,7,1,7
,,,,,,,,,,,,,,,,,,,3,2,,,1,2,2081,1,1,1
,,,,,,,,,,,,,,,,,,,,,,,1,2,2181,3,1,3
3,2,,,,,,,,,,,,,,,,,,,,,,,,2201,1,1,1
,,,,,,,,,,,,,,,,,,,,,,,1,2,2338,4,1,4
,,,,,,,,,,,,,,,,,,,,,,,1,2,2425,3,1,3
,,,,,,,,,,,,,,,,,,,,,,,1,2,2459,1,1,1
,,,,,,,,,,,,,,,,,,,3,1,2,1,1,1,2530,1,1,1
3,2,,,,,,,,,,,,,,,,,,,,,,,,2616,3,1,3
,,,,,,,,,,,,,,,,,,,,,,,2,,2734,1,1,1
,,,,,,,,,,,,,,,,,,,,,,,2,,3241,1,1,1
3,2,,,,,,,,,,,,,,,,,,,,,,,,3409,1,1,1
3,2,,,,,,,,,,,,,,,,,,,,,,,,3541,2,1,2
3,2,,,,,,,,,,,,,,,,,,,,,,,,3597,2,1,2
,,,,,,,,,,,,,,,,,,,,,,,2,,3634,3,1,3
,,,,,,,,,,,,,,,,,,,3,2,,,,,3654,1,1,1
,,,,,,,,,,,,,,,,,,,3,2,,,,,3786,1,1,1
,,,,,,,,,,,,,,,,,,,,,,,2,,3795,2,1,2
,,,,,,,,,,,,,,,,,,,,,,,2,,3931,1,1,1
,,,,,,,,,,,,,,,,,,,,,,,2,,3970,2,1,2
3,2,,,,,,,,,,,,,,,,,,,,,,,,4023,2,1,2
,,,,,,,,,,,,,,,,,,,,,,,2,,4026,3,1,3
3,2,,,,,,,,,,,,,,,,,,,,,,,,4166,1,1,1
3,2,,,,,,,,,,,,,,,,,,,,,,2,,4174,3,1,3
3,2,,,,,,,,,,,,,,,,,,3,2,,,2,,4278,7,1,7
,,,,,,,,,,,,,,,,,,,,,,,2,,4436,2,1,2
,,,,,,,,,,,,,,,,,,,,,,,2,,4532,3,1,3
3,2,,,,,,,,,,,,,,,,,,,,,,,,4552,3,1,3
3,2,,,,,,,,,,,,,,,,,,,,,,2,,4590,2,1,2
,,,,,,,,,,,,,,,,,,,,,,,2,,4806,2,1,2
,,,,,,,,,,,,,,,,,,,,,,,2,,4809,2,1,2
,,,,,,,,,,,,,,,,,,,,,,,9,,4921,2,1,2
,,,,,,,,,,,,,,,,,,,,,,,1,2,4984,2,1,2
,,,,,,,,,,,,,,,,,,,,,,,1,2,5017,2,1,2
3,2,,,,,,,,,,,,,,,,,,,,,,,,5211,1,1,1
,,,,,,,,,,,,,,,,,,,,,,,1,2,5242,3,1,3
3,2,,,,,,,,,,,,,,,,,,,,,,1,2,5310,3,1,3
,,,,,,,,,,,,,,,,,,,,,,,1,1,5347,2,1,2
,,,,,,,,,,,,,,,,,,,,,,,1,2,5442,1,1,1
,,,,,,,,,,,,,,,,,,,,,,,1,2,5523,5,1,5
3,2,,,,,,,,,,,,,,,,,,,,,,,,5611,1,1,1
,,,,,,,,,,,,,,,,,,,,,,,2,,5738,1,1,1
,,,,,,,,,,,,,,,,,,,3,2,,,,,5775,5,1,5
,,,,,,,,,,,,,,,,,,,,,,,1,2,5931,1,1,1
3,2,,,,,,,,,,,,,,,,,,,,,,,,5937,1,1,1
3,2,,,,,,,,,,,,,,,,,,,,,,,,5959,2,1,2
,,,,,,,,,,,,,,,,,,,,,,,2,,5974,5,1,5
,,,,,,,,,,,,,,,,,,,,,,,2,,5986,1,1,1
,,,,,,,,,,,,,,,,,,,,,,,1,1,6093,2,1,2
,,,,,,,,,,,,,,,,,,,,,,,2,,6224,4,1,4
,,,,,,,,,,,,,,,,,,,,,,,2,,6269,3,1,3
,,,,,,,,,,,,,,,,,,,,,,,2,,6296,3,1,3
,,,,,,,,,,,,,,,,,,,,,,,1,1,6308,4,1,4
,,,,,,,,,,,,,,,,,,,,,,,1,2,6342,7,1,7
,,,,,,,,,,,,,,,,,,,,,,,2,,6436,1,1,1
,,,,,,,,,,,,,,,,,,,,,,,2,,6809,2,1,2
,,,,,,,,,,,,,,,,,,,,,,,2,,6929,2,1,2
,,,,,,,,,,,,,,,,,,,,,,,2,,7061,4,1,4
3,2,,,,,,,,,,,,,,,,,,,,,,,,7089,1,1,1
3,2,,,,,,,,,,,,,,,,,,3,2,,,2,,7227,4,1,4
,,,,,,,,,,,,,,,,,,,,,,,1,1,7286,1,1,1
2,2,,,,,,,,,,,,,,,,,,,,,,,,7559,1,1,1
,,,,,,,,,,,,,,,,,,,,,,,2,,7560,3,1,3
,,,,,,,,,,,,,,,,,,,,,,,1,9,7572,1,1,1
3,1,3,1,1,,,,,,,,,,,,,1,,,,,,,,7680,1,1,1
,,,,,,,,,,,,,,,,,,,,,,,1,1,7710,3,1,3
3,2,,,,,,,,,,,,,,,,,,,,,,,,8013,1,1,1
,,,,,,,,,,,,,,,,,,,,,,,1,2,8306,2,1,2
,,,,,,,,,,,,,,,,,,,3,2,,,,,8553,3,1,3
,,,,,,,,,,,,,,,,,,,,,,,1,2,8843,3,1,3
3,2,,,,,,,,,,,,,,,,,,,,,,,,8862,2,1,2
3,2,,,,,,,,,,,,,,,,,,3,2,,,2,,8889,1,1,1
,,,,,,,,,,,,,,,,,,,,,,,2,,8917,2,1,2
,,,,,,,,,,,,,,,,,,,,,,,2,,8953,5,1,5
,,,,,,,,,,,,,,,,,,,,,,,2,,9102,1,1,1
,,,,,,,,,,,,,,,,,,,,,,,2,,9159,2,1,2
,,,,,,,,,,,,,,,,,,,,,,,2,,9332,3,1,3
3,2,,,,,,,,,,,,,,,,,,,,,,2,,9461,2,1,2
,,,,,,,,,,,,,,,,,,,,,,,2,,9480,3,1,3
,,,,,,,,,,,,,,,,,,,,,,,2,,9528,7,1,7
,,,,,,,,,,,,,,,,,,,,,,,2,,9594,3,1,3
,,,,,,,,,,,,,,,,,,,,,,,1,2,9623,1,1,1
,,,,,,,,,,,,,,,,,,,3,2,,,2,,9670,1,1,1
,,,,,,,,,,,,,,,,,,,,,,,1,2,9671,1,1,1
,,,,,,,,,,,,,,,,,,,3,2,,,2,,9720,4,1,4
,,,,,,,,,,,,,,,,,,,,,,,2,,9726,3,1,3
,,,,,,,,,,,,,,,,,,,,,,,1,2,9824,3,1,3
,,,,,,,,,,,,,,,,,,,,,,,2,,9926,3,1,3
3,2,,,,,,,,,,,,,,,,,,,,,,2,,10235,3,1,3
,,,,,,,,,,,,,,,,,,,9,9,,,9,,10312,2,1,2
2,2,,,,,,,,,,,,,,,,,,,,,,,,10315,1,1,1
,,,,,,,,,,,,,,,,,,,9,2,,,2,,10585,2,1,2
3,2,,,,,,,,,,,,,,,,,,,,,,2,,10627,1,1,1
,,,,,,,,,,,,,,,,,,,,,,,1,2,10689,2,1,2
3,2,,,,,,,,,,,,,,,,,,,,,,,,11133,3,1,3
,,,,,,,,,,,,,,,,,,,,,,,2,,11220,2,1,2
,,,,,,,,,,,,,,,,,,,3,2,,,2,,11358,5,1,5
,,,,,,,,,,,,,,,,,,,,,,,2,,11391,1,1,1
,,,,,,,,,,,,,,,,,,,,,,,2,,11534,1,1,1
,,,,,,,,,,,,,,,,,,,,,,,2,,11621,5,1,5
,,,,,,,,,,,,,,,,,,,,,,,1,2,11676,3,1,3
,,,,,,,,,,,,,,,,,,,,,,,2,,11709,1,1,1
,,,,,,,,,,,,,,,,,,,2,2,,,2,,11785,4,1,4
,,,,,,,,,,,,,,,,,,,,,,,1,1,11803,2,1,2
,,,,,,,,,,,,,,,,,,,,,,,2,,11839,2,1,2
,,,,,,,,,,,,,,,,,,,,,,,2,,11869,1,1,1
,,,,,,,,,,,,,,,,,,,,,,,1,2,11893,1,1,1
,,,,,,,,,,,,,,,,,,,,,,,2,,11966,2,1,2
,,,,,,,,,,,,,,,,,,,,,,,9,,12005,3,1,3
,,,,,,,,,,,,,,,,,,,,,,,2,,12021,4,1,4
,,,,,,,,,,,,,,,,,,,,,,,1,2,12096,2,1,2
,,,,,,,,,,,,,,,,,,,,,,,2,,12150,4,1,4
,,,,,,,,,,,,,,,,,,,,,,,2,,12158,3,1,3
,,,,,,,,,,,,,,,,,,,,,,,1,2,12215,1,1,1
,,,,,,,,,,,,,,,,,,,,,,,2,,12440,3,1,3
,,,,,,,,,,,,,,,,,,,,,,,1,1,12585,2,1,2
,,,,,,,,,,,,,,,,,,,,,,,1,1,12628,3,1,3
,,,,,,,,,,,,,,,,,,,,,,,2,,12639,3,1,3
,,,,,,,,,,,,,,,,,,,,,,,1,1,12709,1,1,1
,,,,,,,,,,,,,,,,,,,3,2,,,,,12868,2,1,2
,,,,,,,,,,,,,,,,,,,,,,,2,,12889,2,1,2
3,2,,,,,,,,,,,,,,,,,,,,,,,,12907,1,1,1
,,,,,,,,,,,,,,,,,,,,,,,2,,12944,3,1,3
,,,,,,,,,,,,,,,,,,,,,,,1,2,13000,2,1,2
,,,,,,,,,,,,,,,,,,,2,1,1,2,2,,13002,2,1,2
,,,,,,,,,,,,,,,,,,,,,,,1,2,13049,2,1,2
,,,,,,,,,,,,,,,,,,,,,,,2,,13092,4,1,4
,,,,,,,,,,,,,,,,,,,,,,,1,2,13142,1,1,1
,,,,,,,,,,,,,,,,,,,,,,,2,,13170,5,1,5
,,,,,,,,,,,,,,,,,,,,,,,1,2,13184,3,1,3
,,,,,,,,,,,,,,,,,,,,,,,2,,13286,2,1,2
,,,,,,,,,,,,,,,,,,,,,,,1,1,13344,1,1,1
,,,,,,,,,,,,,,,,,,,,,,,2,,13407,2,1,2
2,1,4,1,,,1,,,,,,1,,,,,,,,,,,1,1,13522,3,1,3
,,,,,,,,,,,,,,,,,,,,,,,2,,13737,2,1,2
3,2,,,,,,,,,,,,,,,,,,,,,,,,13868,2,1,2
,,,,,,,,,,,,,,,,,,,,,,,1,1,13953,8,1,8
,,,,,,,,,,,,,,,,,,,3,2,,,2,,13977,1,1,1
,,,,,,,,,,,,,,,,,,,,,,,2,,14007,1,1,1
,,,,,,,,,,,,,,,,,,,,,,,2,,14039,4,1,4
3,2,,,,,,,,,,,,,,,,,,3,2,,,2,,14137,2,1,2
,,,,,,,,,,,,,,,,,,,3,2,,,,,14159,4,1,4
,,,,,,,,,,,,,,,,,,,,,,,1,1,14281,5,1,5
,,,,,,,,,,,,,,,,,,,,,,,9,,14320,2,1,2
3,2,,,,,,,,,,,,,,,,,,,,,,2,,14327,1,1,1
,,,,,,,,,,,,,,,,,,,,,,,2,,14348,1,1,1
,,,,,,,,,,,,,,,,,,,3,2,,,,,14395,3,1,3
,,,,,,,,,,,,,,,,,,,3,2,,,,,14527,2,1,2
3,2,,,,,,,,,,,,,,,,,,3,2,,,,,14591,3,1,3
3,2,,,,,,,,,,,,,,,,,,,,,,,,14602,3,1,3
,,,,,,,,,,,,,,,,,,,2,1,1,2,1,2,14740,4,1,4
,,,,,,,,,,,,,,,,,,,,,,,2,,15021,1,1,1
,,,,,,,,,,,,,,,,,,,,,,,1,2,15037,1,1,1
,,,,,,,,,,,,,,,,,,,,,,,2,,15069,2,1,2
,,,,,,,,,,,,,,,,,,,,,,,2,,15155,3,1,3
,,,,,,,,,,,,,,,,,,,,,,,2,,15160,1,1,1
,,,,,,,,,,,,,,,,,,,,,,,1,2,15256,1,1,1
,,,,,,,,,,,,,,,,,,,,,,,2,,15289,3,1,3
,,,,,,,,,,,,,,,,,,,3,2,,,2,,15318,1,1,1
3,2,,,,,,,,,,,,,,,,,,,,,,2,,15341,1,1,1
,,,,,,,,,,,,,,,,,,,3,2,,,2,,15362,1,1,1
,,,,,,,,,,,,,,,,,,,,,,,1,2,15587,1,1,1
,,,,,,,,,,,,,,,,,,,,,,,9,,15593,3,1,3
,,,,,,,,,,,,,,,,,,,,,,,2,,15704,4,1,4
3,2,,,,,,,,,,,,,,,,,,,,,,,,15890,2,1,2
,,,,,,,,,,,,,,,,,,,,,,,1,2,16206,4,1,4
,,,,,,,,,,,,,,,,,,,3,2,,,,,16319,3,1,3
,,,,,,,,,,,,,,,,,,,,,,,2,,16519,2,1,2
,,,,,,,,,,,,,,,,,,,,,,,2,,16532,1,1,1
,,,,,,,,,,,,,,,,,,,,,,,2,,16536,3,1,3
,,,,,,,,,,,,,,,,,,,,,,,2,,16603,1,1,1
,,,,,,,,,,,,,,,,,,,3,2,,,,,16629,3,1,3
,,,,,,,,,,,,,,,,,,,3,2,,,2,,16633,3,1,3
,,,,,,,,,,,,,,,,,,,,,,,1,1,16728,2,1,2
3,2,,,,,,,,,,,,,,,,,,,,,,2,,16822,2,1,2
,,,,,,,,,,,,,,,,,,,,,,,2,,16899,2,1,2
9,2,,,,,,,,,,,,,,,,,,2,1,3,9,2,,16970,2,1,2
3,2,,,,,,,,,,,,,,,,,,,,,,2,,17060,1,1,1
3,2,,,,,,,,,,,,,,,,,,,,,,,,17088,3,1,3
,,,,,,,,,,,,,,,,,,,,,,,2,,17149,3,1,3
3,2,,,,,,,,,,,,,,,,,,,,,,,,17159,3,1,3
,,,,,,,,,,,,,,,,,,,,,,,1,2,17176,3,1,3
,,,,,,,,,,,,,,,,,,,,,,,2,,17177,2,1,2
,,,,,,,,,,,,,,,,,,,3,2,,,2,,17197,2,1,2
,,,,,,,,,,,,,,,,,,,3,2,,,2,,17235,4,1,4
,,,,,,,,,,,,,,,,,,,,,,,1,1,17252,4,1,4
,,,,,,,,,,,,,,,,,,,,,,,2,,17298,3,1,3
,,,,,,,,,,,,,,,,,,,,,,,1,1,17300,3,1,3
,,,,,,,,,,,,,,,,,,,3,2,,,1,2,17378,3,1,3
,,,,,,,,,,,,,,,,,,,3,2,,,,,17446,4,1,4
,,,,,,,,,,,,,,,,,,,,,,,1,2,17483,1,1,1
3,2,,,,,,,,,,,,,,,,,,,,,,,,17581,2,1,2
,,,,,,,,,,,,,,,,,,,,,,,2,,17763,2,1,2
,,,,,,,,,,,,,,,,,,,,,,,1,2,17889,2,1,2
3,1,2,2,1,,,,,,,,,,,1,,,,,,,,2,,17933,3,1,3
,,,,,,,,,,,,,,,,,,,,,,,2,,18151,4,1,4
,,,,,,,,,,,,,,,,,,,,,,,2,,18159,2,1,2
,,,,,,,,,,,,,,,,,,,,,,,2,,18217,1,1,1
,,,,,,,,,,,,,,,,,,,,,,,2,,18275,2,1,2
,,,,,,,,,,,,,,,,,,,,,,,2,,18540,2,1,2
3,2,,,,,,,,,,,,,,,,,,,,,,,,18561,2,1,2
,,,,,,,,,,,,,,,,,,,,,,,2,,18652,2,1,2
,,,,,,,,,,,,,,,,,,,,,,,2,,18667,4,1,4
,,,,,,,,,,,,,,,,,,,,,,,2,,18668,1,1,1
3,2,,,,,,,,,,,,,,,,,,,,,,2,,18735,3,1,3
,,,,,,,,,,,,,,,,,,,,,,,2,,18828,1,1,1
,,,,,,,,,,,,,,,,,,,,,,,1,1,18880,1,1,1
3,2,,,,,,,,,,,,,,,,,,,,,,1,2,18905,2,1,2
3,2,,,,,,,,,,,,,,,,,,,,,,,,19021,3,1,3
,,,,,,,,,,,,,,,,,,,,,,,1,2,19066,3,1,3
,,,,,,,,,,,,,,,,,,,,,,,2,,19075,3,1,3
,,,,,,,,,,,,,,,,,,,,,,,2,,19132,4,1,4
,,,,,,,,,,,,,,,,,,,3,2,,,2,,19181,3,1,3
,,,,,,,,,,,,,,,,,,,,,,,2,,19481,2,1,2
,,,,,,,,,,,,,,,,,,,,,,,2,,19544,2,1,2
3,2,,,,,,,,,,,,,,,,,,3,2,,,,,19597,2,1,2
,,,,,,,,,,,,,,,,,,,,,,,2,,19684,1,1,1
,,,,,,,,,,,,,,,,,,,,,,,2,,19716,2,1,2
,,,,,,,,,,,,,,,,,,,,,,,2,,19770,1,1,1
,,,,,,,,,,,,,,,,,,,,,,,2,,19812,2,1,2
,,,,,,,,,,,,,,,,,,,,,,,2,,20026,2,1,2
,,,,,,,,,,,,,,,,,,,,,,,2,,20050,2,1,2
,,,,,,,,,,,,,,,,,,,,,,,2,,20090,1,1,1
,,,,,,,,,,,,,,,,,,,3,2,,,2,,20171,1,1,1
,,,,,,,,,,,,,,,,,,,3,2,,,,,20439,1,1,1
,,,,,,,,,,,,,,,,,,,,,,,2,,20505,1,1,1
3,2,,,,,,,,,,,,,,,,,,,,,,,,20560,3,1,3
3,2,,,,,,,,,,,,,,,,,,,,,,2,,20812,2,1,2
,,,,,,,,,,,,,,,,,,,3,2,,,1,2,20948,2,1,2
,,,,,,,,,,,,,,,,,,,,,,,2,,20981,1,1,1
,,,,,,,,,,,,,,,,,,,,,,,2,,21001,1,1,1
,,,,,,,,,,,,,,,,,,,,,,,1,2,21108,3,1,3
3,2,,,,,,,,,,,,,,,,,,,,,,,,21242,3,1,3
2,1,4,2,1,,,,,,,,,,,,,1,,,,,,,,21767,2,1,2
3,2,,,,,,,,,,,,,,,,,,,,,,1,2,21805,2,1,2
,,,,,,,,,,,,,,,,,,,,,,,2,,21830,1,1,1
,,,,,,,,,,,,,,,,,,,3,2,,,2,,21992,1,1,1
3,2,,,,,,,,,,,,,,,,,,,,,,2,,22065,1,1,1
3,2,,,,,,,,,,,,,,,,,,3,2,,,,,22093,2,1,2
,,,,,,,,,,,,,,,,,,,,,,,2,,22149,2,1,2
3,1,2,1,1,,,,,,,,,,,1,,,,,,,,,,22232,1,1,1
1,1,2,1,,,1,,,,,,,1,,,,,,,,,,1,1,22308,3,1,3
,,,,,,,,,,,,,,,,,,,,,,,1,2,22372,2,1,2
,,,,,,,,,,,,,,,,,,,,,,,1,2,22388,4,1,4
,,,,,,,,,,,,,,,,,,,,,,,1,1,22756,1,1,1
3,2,,,,,,,,,,,,,,,,,,,,,,,,22758,1,1,1
,,,,,,,,,,,,,,,,,,,,,,,2,,22822,1,1,1
3,2,,,,,,,,,,,,,,,,,,,,,,2,,22932,4,1,4
,,,,,,,,,,,,,,,,,,,,,,,2,,22953,3,1,3
,,,,,,,,,,,,,,,,,,,,,,,2,,22961,3,1,3
3,2,,,,,,,,,,,,,,,,,,3,2,,,2,,22980,1,1,1
,,,,,,,,,,,,,,,,,,,,,,,2,,23073,3,1,3
,,,,,,,,,,,,,,,,,,,,,,,1,2,23144,1,1,1
,,,,,,,,,,,,,,,,,,,,,,,2,,23193,4,1,4
,,,,,,,,,,,,,,,,,,,,,,,1,2,23215,5,1,5
3,2,,,,,,,,,,,,,,,,,,,,,,2,,23351,1,1,1
3,2,,,,,,,,,,,,,,,,,,,,,,,,23432,2,1,2
3,2,,,,,,,,,,,,,,,,,,,,,,2,,23530,3,1,3
,,,,,,,,,,,,,,,,,,,,,,,2,,23901,1,1,1
3,2,,,,,,,,,,,,,,,,,,,,,,,,23930,2,1,2
,,,,,,,,,,,,,,,,,,,,,,,2,,24036,2,1,2
,,,,,,,,,,,,,,,,,,,,,,,2,,24059,2,1,2
,,,,,,,,,,,,,,,,,,,,,,,2,,24076,1,1,1
,,,,,,,,,,,,,,,,,,,,,,,2,,24210,3,1,3
,,,,,,,,,,,,,,,,,,,3,2,,,2,,24211,1,1,1
,,,,,,,,,,,,,,,,,,,,,,,2,,24342,1,1,1
,,,,,,,,,,,,,,,,,,,2,2,,,,,24396,3,1,3
,,,,,,,,,,,,,,,,,,,,,,,1,2,24540,4,1,4
3,2,,,,,,,,,,,,,,,,,,,,,,2,,24559,1,1,1
,,,,,,,,,,,,,,,,,,,,,,,2,,24600,2,1,2
3,2,,,,,,,,,,,,,,,,,,,,,,,,24858,2,1,2
,,,,,,,,,,,,,,,,,,,,,,,2,,24885,4,1,4
,,,,,,,,,,,,,,,,,,,,,,,2,,25173,1,1,1
3,2,,,,,,,,,,,,,,,,,,,,,,2,,25699,1,1,1
3,2,,,,,,,,,,,,,,,,,,,,,,2,,25808,1,1,1
,,,,,,,,,,,,,,,,,,,,,,,2,,25917,3,1,3
,,,,,,,,,,,,,,,,,,,,,,,2,,26096,9,1,9
,,,,,,,,,,,,,,,,,,,,,,,1,2,26147,3,1,3
,,,,,,,,,,,,,,,,,,,2,1,1,2,,,26171,3,1,3
3,2,,,,,,,,,,,,,,,,,,,,,,,,26235,1,1,1
,,,,,,,,,,,,,,,,,,,,,,,2,,26239,1,1,1
,,,,,,,,,,,,,,,,,,,,,,,2,,26522,3,1,3
,,,,,,,,,,,,,,,,,,,,,,,2,,26713,4,1,4
,,,,,,,,,,,,,,,,,,,2,1,1,2,,,26861,4,1,4
,,,,,,,,,,,,,,,,,,,,,,,1,2,26895,1,1,1
,,,,,,,,,,,,,,,,,,,,,,,2,,27406,2,1,2
,,,,,,,,,,,,,,,,,,,,,,,1,2,27789,6,1,6
,,,,,,,,,,,,,,,,,,,3,2,,,,,27793,1,1,1
3,2,,,,,,,,,,,,,,,,,,,,,,,,27808,1,1,1
3,2,,,,,,,,,,,,,,,,,,,,,,2,,27872,4,1,4
,,,,,,,,,,,,,,,,,,,,,,,1,2,28161,1,1,1
,,,,,,,,,,,,,,,,,,,,,,,1,2,28169,2,1,2
,,,,,,,,,,,,,,,,,,,,,,,2,,28254,1,1,1
3,2,,,,,,,,,,,,,,,,,,,,,,2,,28303,1,1,1
,,,,,,,,,,,,,,,,,,,,,,,2,,28622,1,1,1
,,,,,,,,,,,,,,,,,,,,,,,2,,28652,1,1,1
,,,,,,,,,,,,,,,,,,,,,,,2,,28683,2,1,2
,,,,,,,,,,,,,,,,,,,,,,,2,,28695,1,1,1
3,1,2,2,1,,,,,,,,,1,,,,1,,,,,,,,28705,1,1,1
3,2,,,,,,,,,,,,,,,,,,,,,,2,,28750,4,1,4
,,,,,,,,,,,,,,,,,,,,,,,2,,28992,2,1,2
,,,,,,,,,,,,,,,,,,,,,,,2,,28993,1,1,1
,,,,,,,,,,,,,,,,,,,3,2,,,2,,29008,3,1,3
3,2,,,,,,,,,,,,,,,,,,,,,,,,29022,2,1,2
,,,,,,,,,,,,,,,,,,,3,2,,,,,29153,1,1,1
,,,,,,,,,,,,,,,,,,,,,,,1,1,29268,1,1,1
3,1,4,1,1,,,,,,,,,,,,,1,,,,,,,,29472,1,1,1
,,,,,,,,,,,,,,,,,,,,,,,2,,29750,2,1,2
3,1,1,2,,1,,,,,,,,1,,,,,,,,,,2,,29784,1,1,1
,,,,,,,,,,,,,,,,,,,,,,,2,,30069,3,1,3
3,2,,,,,,,,,,,,,,,,,,,,,,,,30076,4,1,4
3,2,,,,,,,,,,,,,,,,,,,,,,2,,30255,1,1,1
,,,,,,,,,,,,,,,,,,,,,,,2,,30448,1,1,1
,,,,,,,,,,,,,,,,,,,,,,,2,,30453,1,1,1
,,,,,,,,,,,,,,,,,,,,,,,2,,30491,1,1,1
,,,,,,,,,,,,,,,,,,,,,,,2,,30619,2,1,2
,,,,,,,,,,,,,,,,,,,,,,,1,2,30872,1,1,1
3,2,,,,,,,,,,,,,,,,,,,,,,,,30926,3,1,3
3,2,,,,,,,,,,,,,,,,,,,,,,1,2,31064,2,1,2
,,,,,,,,,,,,,,,,,,,,,,,1,2,31098,2,1,2
,,,,,,,,,,,,,,,,,,,,,,,2,,31125,1,1,1
,,,,,,,,,,,,,,,,,,,,,,,2,,31146,4,1,4
,,,,,,,,,,,,,,,,,,,,,,,1,2,31223,3,1,3
,,,,,,,,,,,,,,,,,,,,,,,2,,31267,2,1,2
,,,,,,,,,,,,,,,,,,,,,,,2,,31417,1,1,1
,,,,,,,,,,,,,,,,,,,,,,,2,,31442,3,1,3
3,2,,,,,,,,,,,,,,,,,,,,,,,,31523,6,1,6
3,2,,,,,,,,,,,,,,,,,,3,2,,,2,,31524,2,1,2
,,,,,,,,,,,,,,,,,,,,,,,2,,31579,4,1,4
,,,,,,,,,,,,,,,,,,,,,,,1,1,31649,2,1,2
3,2,,,,,,,,,,,,,,,,,,,,,,,,31685,3,1,3
,,,,,,,,,,,,,,,,,,,3,2,,,2,,31725,1,1,1
3,2,,,,,,,,,,,,,,,,,,,,,,,,31728,2,1,2
,,,,,,,,,,,,,,,,,,,3,2,,,2,,31820,1,1,1
3,2,,,,,,,,,,,,,,,,,,3,2,,,2,,31853,3,1,3
,,,,,,,,,,,,,,,,,,,,,,,1,2,31888,3,1,3
,,,,,,,,,,,,,,,,,,,3,2,,,2,,31893,1,1,1
,,,,,,,,,,,,,,,,,,,,,,,2,,32003,1,1,1
,,,,,,,,,,,,,,,,,,,,,,,2,,32013,4,1,4
,,,,,,,,,,,,,,,,,,,,,,,1,2,32050,1,1,1
,,,,,,,,,,,,,,,,,,,,,,,2,,32062,1,1,1
,,,,,,,,,,,,,,,,,,,3,2,,,2,,32562,1,1,1
,,,,,,,,,,,,,,,,,,,,,,,1,2,32587,1,1,1
,,,,,,,,,,,,,,,,,,,,,,,2,,32736,1,1,1
,,,,,,,,,,,,,,,,,,,,,,,2,,32771,2,1,2
,,,,,,,,,,,,,,,,,,,,,,,2,,32828,3,1,3
,,,,,,,,,,,,,,,,,,,,,,,2,,33021,2,1,2
,,,,,,,,,,,,,,,,,,,,,,,2,,33078,2,1,2
2,1,2,2,,,,,,1,,,,,,1,,,,,,,,1,2,33183,7,1,7
,,,,,,,,,,,,,,,,,,,,,,,2,,33191,3,1,3
,,,,,,,,,,,,,,,,,,,,,,,1,2,33207,3,1,3
,,,,,,,,,,,,,,,,,,,,,,,2,,33290,5,1,5
3,2,,,,,,,,,,,,,,,,,,3,2,,,2,,33313,3,1,3
,,,,,,,,,,,,,,,,,,,,,,,2,,33472,1,1,1
,,,,,,,,,,,,,,,,,,,,,,,2,,33503,1,1,1
,,,,,,,,,,,,,,,,,,,,,,,1,2,33549,1,1,1
,,,,,,,,,,,,,,,,,,,,,,,2,,33594,3,1,3
,,,,,,,,,,,,,,,,,,,,,,,2,,33611,1,1,1
,,,,,,,,,,,,,,,,,,,,,,,2,,33654,2,1,2
,,,,,,,,,,,,,,,,,,,,,,,1,2,33695,1,1,1
,,,,,,,,,,,,,,,,,,,,,,,2,,33812,2,1,2
,,,,,,,,,,,,,,,,,,,,,,,2,,33841,2,1,2
2,1,2,2,1,,1,,,,,,,1,,,,,,,,,,2,,33853,1,1,1
3,2,,,,,,,,,,,,,,,,,,,,,,,,34121,2,1,2
,,,,,,,,,,,,,,,,,,,,,,,2,,34548,3,1,3
,,,,,,,,,,,,,,,,,,,,,,,1,2,34559,3,1,3
,,,,,,,,,,,,,,,,,,,,,,,2,,34562,3,1,3
,,,,,,,,,,,,,,,,,,,,,,,2,,34682,1,1,1
3,2,,,,,,,,,,,,,,,,,,,,,,,,34688,4,1,4
,,,,,,,,,,,,,,,,,,,,,,,2,,34691,2,1,2
3,2,,,,,,,,,,,,,,,,,,,,,,2,,34697,1,1,1
,,,,,,,,,,,,,,,,,,,,,,,2,,34718,1,1,1
,,,,,,,,,,,,,,,,,,,,,,,1,2,34781,3,1,3
,,,,,,,,,,,,,,,,,,,2,1,1,2,,,34840,3,1,3
,,,,,,,,,,,,,,,,,,,3,2,,,2,,34856,3,1,3
,,,,,,,,,,,,,,,,,,,,,,,2,,35020,1,1,1
,,,,,,,,,,,,,,,,,,,,,,,2,,35029,3,1,3
,,,,,,,,,,,,,,,,,,,,,,,2,,35077,3,1,3
,,,,,,,,,,,,,,,,,,,3,2,,,,,35119,1,1,1
3,2,,,,,,,,,,,,,,,,,,,,,,,,35154,5,1,5
,,,,,,,,,,,,,,,,,,,,,,,2,,35162,5,1,5
,,,,,,,,,,,,,,,,,,,,,,,2,,35703,1,1,1
2,1,1,2,1,,,,,,,,,1,,,,,,,,,,,,35891,3,1,3
,,,,,,,,,,,,,,,,,,,3,2,,,2,,36182,3,1,3
,,,,,,,,,,,,,,,,,,,,,,,1,2,36382,3,1,3
3,2,,,,,,,,,,,,,,,,,,3,2,,,2,,36530,3,1,3
3,2,,,,,,,,,,,,,,,,,,,,,,,,36682,8,1,8
,,,,,,,,,,,,,,,,,,,,,,,2,,36822,2,1,2
3,2,,,,,,,,,,,,,,,,,,,,,,2,,36978,1,1,1
,,,,,,,,,,,,,,,,,,,,,,,2,,37014,1,1,1
,,,,,,,,,,,,,,,,,,,,,,,1,2,37025,1,1,1
,,,,,,,,,,,,,,,,,,,,,,,2,,37040,2,1,2
,,,,,,,,,,,,,,,,,,,,,,,2,,37043,2,1,2
3,1,2,2,1,,,,,,,,1,,,,,,,3,2,,,2,,37090,1,1,1
,,,,,,,,,,,,,,,,,,,,,,,2,,37243,2,1,2
,,,,,,,,,,,,,,,,,,,,,,,2,,37315,2,1,2
,,,,,,,,,,,,,,,,,,,,,,,2,,37409,4,1,4
,,,,,,,,,,,,,,,,,,,,,,,2,,37428,1,1,1
,,,,,,,,,,,,,,,,,,,,,,,2,,37610,3,1,3
,,,,,,,,,,,,,,,,,,,,,,,2,,37757,2,1,2
,,,,,,,,,,,,,,,,,,,,,,,2,,37765,3,1,3
,,,,,,,,,,,,,,,,,,,,,,,1,1,37787,3,1,3
,,,,,,,,,,,,,,,,,,,,,,,2,,37857,1,1,1
,,,,,,,,,,,,,,,,,,,,,,,2,,37890,2,1,2
,,,,,,,,,,,,,,,,,,,,,,,2,,38155,1,1,1
,,,,,,,,,,,,,,,,,,,,,,,2,,38231,1,1,1
3,2,,,,,,,,,,,,,,,,,,3,2,,,,,38535,4,1,4
3,1,5,1,1,,,,,,,,,,,1,,,,3,2,,,2,,38563,3,1,3
,,,,,,,,,,,,,,,,,,,,,,,2,,38691,3,1,3
9,2,,,,,,,,,,,,,,,,,,,,,,,,38772,6,1,6
,,,,,,,,,,,,,,,,,,,3,1,1,2,,,38775,6,1,6
3,1,4,1,1,,,,,,,,1,,,1,,,,,,,,1,2,38790,3,1,3
,,,,,,,,,,,,,,,,,,,,,,,1,2,38801,2,1,2
,,,,,,,,,,,,,,,,,,,,,,,1,1,38814,1,1,1
,,,,,,,,,,,,,,,,,,,,,,,1,1,38843,3,1,3
,,,,,,,,,,,,,,,,,,,,,,,2,,39069,3,1,3
3,2,,,,,,,,,,,,,,,,,,,,,,2,,39074,1,1,1
9,1,3,1,1,1,,,,,,,1,1,,,,,,,,,,,,39076,1,1,1
3,2,,,,,,,,,,,,,,,,,,,,,,,,39089,3,1,3
3,2,,,,,,,,,,,,,,,,,,3,2,,,2,,39241,1,1,1
,,,,,,,,,,,,,,,,,,,,,,,1,1,39577,2,1,2
,,,,,,,,,,,,,,,,,,,,,,,2,,39935,1,1,1
3,2,,,,,,,,,,,,,,,,,,,,,,,,40060,1,1,1
,,,,,,,,,,,,,,,,,,,,,,,2,,40089,2,1,2
,,,,,,,,,,,,,,,,,,,,,,,2,,40242,6,1,6
,,,,,,,,,,,,,,,,,,,,,,,2,,40252,1,1,1
,,,,,,,,,,,,,,,,,,,,,,,2,,40255,2,1,2
,,,,,,,,,,,,,,,,,,,,,,,1,2,40667,1,1,1
,,,,,,,,,,,,,,,,,,,,,,,2,,40682,1,1,1
3,1,1,2,1,,,,,,,,,,,1,1,,,,,,,,,40705,1,1,1
,,,,,,,,,,,,,,,,,,,,,,,1,2,40726,6,1,6
3,2,,,,,,,,,,,,,,,,,,,,,,,,40770,1,1,1
,,,,,,,,,,,,,,,,,,,,,,,1,1,40950,2,1,2
,,,,,,,,,,,,,,,,,,,,,,,2,,40952,2,1,2
,,,,,,,,,,,,,,,,,,,,,,,2,,41066,1,1,1
,,,,,,,,,,,,,,,,,,,,,,,1,1,41343,2,1,2
,,,,,,,,,,,,,,,,,,,,,,,2,,41425,1,1,1
,,,,,,,,,,,,,,,,,,,,,,,2,,41470,4,1,4
3,2,,,,,,,,,,,,,,,,,,,,,,,,41486,2,1,2
,,,,,,,,,,,,,,,,,,,,,,,2,,41705,2,1,2
,,,,,,,,,,,,,,,,,,,,,,,2,,41781,1,1,1
,,,,,,,,,,,,,,,,,,,,,,,1,2,41795,2,1,2
,,,,,,,,,,,,,,,,,,,,,,,2,,41841,2,1,2
,,,,,,,,,,,,,,,,,,,3,2,,,2,,41912,3,1,3
3,1,2,1,,,1,,,,,,,,,,1,,,,,,,1,1,41940,1,1,1
,,,,,,,,,,,,,,,,,,,,,,,2,,42068,1,1,1
3,1,3,2,1,1,,,,,,,,,,1,,,,,,,,2,,42302,1,1,1
,,,,,,,,,,,,,,,,,,,,,,,2,,42307,3,1,3
3,2,,,,,,,,,,,,,,,,,,,,,,,,42359,2,1,2
,,,,,,,,,,,,,,,,,,,,,,,1,1,42381,3,1,3
3,2,,,,,,,,,,,,,,,,,,,,,,2,,42469,1,1,1
,,,,,,,,,,,,,,,,,,,,,,,2,,42482,3,1,3
3,2,,,,,,,,,,,,,,,,,,,,,,,,42804,4,1,4
,,,,,,,,,,,,,,,,,,,,,,,2,,42890,1,1,1
,,,,,,,,,,,,,,,,,,,,,,,1,2,42924,3,1,3
3,2,,,,,,,,,,,,,,,,,,,,,,,,42971,1,1,1
,,,,,,,,,,,,,,,,,,,,,,,1,2,43060,3,1,3
,,,,,,,,,,,,,,,,,,,,,,,2,,43205,3,1,3
,,,,,,,,,,,,,,,,,,,,,,,1,2,43266,1,1,1
3,2,,,,,,,,,,,,,,,,,,,,,,2,,43286,1,1,1
,,,,,,,,,,,,,,,,,,,3,2,,,,,43319,4,1,4
,,,,,,,,,,,,,,,,,,,3,2,,,,,43389,1,1,1
,,,,,,,,,,,,,,,,,,,,,,,2,,43438,1,1,1
,,,,,,,,,,,,,,,,,,,,,,,1,2,43464,2,1,2
,,,,,,,,,,,,,,,,,,,,,,,2,,43506,1,1,1
,,,,,,,,,,,,,,,,,,,,,,,2,,43544,1,1,1
,,,,,,,,,,,,,,,,,,,,,,,2,,43709,2,1,2
3,2,,,,,,,,,,,,,,,,,,,,,,,,43782,1,1,1
,,,,,,,,,,,,,,,,,,,,,,,1,1,43843,4,1,4
,,,,,,,,,,,,,,,,,,,,,,,1,2,43897,4,1,4
,,,,,,,,,,,,,,,,,,,,,,,2,,43934,2,1,2
,,,,,,,,,,,,,,,,,,,,,,,2,,44035,2,1,2
,,,,,,,,,,,,,,,,,,,,,,,2,,44389,5,1,5
,,,,,,,,,,,,,,,,,,,,,,,2,,44395,3,1,3
3,2,,,,,,,,,,,,,,,,,,3,2,,,2,,44430,1,1,1
,,,,,,,,,,,,,,,,,,,,,,,2,,44466,3,1,3
,,,,,,,,,,,,,,,,,,,,,,,2,,44516,1,1,1
,,,,,,,,,,,,,,,,,,,,,,,2,,44573,2,1,2
3,2,,,,,,,,,,,,,,,,,,,,,,,,44633,1,1,1
,,,,,,,,,,,,,,,,,,,,,,,1,2,44796,3,1,3
,,,,,,,,,,,,,,,,,,,,,,,2,,44846,1,1,1
,,,,,,,,,,,,,,,,,,,,,,,2,,44848,6,1,6
3,2,,,,,,,,,,,,,,,,,,,,,,2,,45201,5,1,5
3,2,,,,,,,,,,,,,,,,,,,,,,2,,45216,1,1,1
,,,,,,,,,,,,,,,,,,,,,,,1,2,45229,2,1,2
3,1,2,2,1,,,,,,,,,1,,,,,,,,,,1,2,45234,3,1,3
,,,,,,,,,,,,,,,,,,,,,,,2,,45400,1,1,1
,,,,,,,,,,,,,,,,,,,,,,,2,,45577,2,1,2
,,,,,,,,,,,,,,,,,,,,,,,2,,45682,2,1,2
,,,,,,,,,,,,,,,,,,,,,,,2,,45928,1,1,1
,,,,,,,,,,,,,,,,,,,,,,,2,,45933,4,1,4
,,,,,,,,,,,,,,,,,,,,,,,2,,45965,2,1,2
,,,,,,,,,,,,,,,,,,,,,,,1,2,45978,3,1,3
,,,,,,,,,,,,,,,,,,,3,2,,,,,46178,1,1,1
,,,,,,,,,,,,,,,,,,,,,,,2,,46204,1,1,1
,,,,,,,,,,,,,,,,,,,,,,,2,,46349,3,1,3
3,2,,,,,,,,,,,,,,,,,,,,,,,,46411,1,1,1
,,,,,,,,,,,,,,,,,,,,,,,1,1,46450,2,1,2
,,,,,,,,,,,,,,,,,,,,,,,2,,46457,1,1,1
3,2,,,,,,,,,,,,,,,,,,,,,,,,46460,4,1,4
,,,,,,,,,,,,,,,,,,,,,,,2,,46483,1,1,1
,,,,,,,,,,,,,,,,,,,,,,,2,,46574,2,1,2
,,,,,,,,,,,,,,,,,,,9,2,,,2,,46587,5,1,5
,,,,,,,,,,,,,,,,,,,,,,,2,,46590,2,1,2
,,,,,,,,,,,,,,,,,,,,,,,1,1,46636,4,1,4
,,,,,,,,,,,,,,,,,,,,,,,2,,46732,3,1,3
,,,,,,,,,,,,,,,,,,,,,,,2,,46764,1,1,1
,,,,,,,,,,,,,,,,,,,,,,,1,2,46805,2,1,2
,,,,,,,,,,,,,,,,,,,,,,,2,,47014,1,1,1
,,,,,,,,,,,,,,,,,,,,,,,2,,47023,1,1,1
,,,,,,,,,,,,,,,,,,,,,,,2,,47202,1,1,1
,,,,,,,,,,,,,,,,,,,3,2,,,2,,47216,1,1,1
,,,,,,,,,,,,,,,,,,,3,2,,,2,,47240,1,1,1
,,,,,,,,,,,,,,,,,,,,,,,2,,47258,1,1,1
3,2,,,,,,,,,,,,,,,,,,,,,,,,47260,1,1,1
,,,,,,,,,,,,,,,,,,,,,,,2,,47290,1,1,1
3,2,,,,,,,,,,,,,,,,,,,,,,2,,47309,1,1,1
,,,,,,,,,,,,,,,,,,,,,,,1,1,47334,1,1,1
,,,,,,,,,,,,,,,,,,,,,,,1,2,47364,3,1,3
,,,,,,,,,,,,,,,,,,,,,,,2,,47434,3,1,3
,,,,,,,,,,,,,,,,,,,,,,,2,,47466,2,1,2
,,,,,,,,,,,,,,,,,,,,,,,1,2,47469,3,1,3
,,,,,,,,,,,,,,,,,,,,,,,2,,47472,3,1,3
,,,,,,,,,,,,,,,,,,,,,,,1,2,47503,1,1,1
3,2,,,,,,,,,,,,,,,,,,,,,,2,,47564,2,1,2
,,,,,,,,,,,,,,,,,,,,,,,2,,47619,5,1,5
3,2,,,,,,,,,,,,,,,,,,,,,,,,47649,2,1,2
,,,,,,,,,,,,,,,,,,,,,,,1,2,47752,3,1,3
3,1,4,1,1,,,,,,,,,1,,,,,,,,,,,,47782,2,1,2
3,1,2,2,,,,,1,,,,,,,1,,,,3,1,2,2,1,2,47860,2,1,2
,,,,,,,,,,,,,,,,,,,,,,,1,2,47967,2,1,2
3,2,,,,,,,,,,,,,,,,,,,,,,,,48199,5,1,5
,,,,,,,,,,,,,,,,,,,,,,,2,,48228,3,1,3
,,,,,,,,,,,,,,,,,,,,,,,2,,48288,4,1,4
,,,,,,,,,,,,,,,,,,,,,,,2,,48296,2,1,2
3,2,,,,,,,,,,,,,,,,,,3,1,2,2,1,2,48363,2,1,2
,,,,,,,,,,,,,,,,,,,,,,,1,1,48380,3,1,3
,,,,,,,,,,,,,,,,,,,,,,,1,2,48536,3,1,3
,,,,,,,,,,,,,,,,,,,,,,,2,,48670,1,1,1
,,,,,,,,,,,,,,,,,,,,,,,2,,48680,3,1,3
,,,,,,,,,,,,,,,,,,,,,,,2,,48711,1,1,1
,,,,,,,,,,,,,,,,,,,,,,,2,,48729,1,1,1
,,,,,,,,,,,,,,,,,,,,,,,2,,48857,1,1,1
,,,,,,,,,,,,,,,,,,,,,,,2,,48858,2,1,2
,,,,,,,,,,,,,,,,,,,,,,,1,2,48899,1,1,1
,,,,,,,,,,,,,,,,,,,,,,,1,2,48973,1,1,1
,,,,,,,,,,,,,,,,,,,,,,,2,,49000,1,1,1
,,,,,,,,,,,,,,,,,,,,,,,2,,49020,2,1,2
3,2,,,,,,,,,,,,,,,,,,,,,,1,2,49055,3,1,3
,,,,,,,,,,,,,,,,,,,,,,,2,,49109,2,1,2
,,,,,,,,,,,,,,,,,,,,,,,1,2,49141,3,1,3
,,,,,,,,,,,,,,,,,,,,,,,2,,49146,3,1,3
,,,,,,,,,,,,,,,,,,,,,,,2,,49167,5,1,5
,,,,,,,,,,,,,,,,,,,,,,,1,2,49196,2,1,2
,,,,,,,,,,,,,,,,,,,,,,,1,1,49232,2,1,2
2,1,2,2,,,1,,,,,,,,,1,,,,,,,,1,2,49254,3,1,3
,,,,,,,,,,,,,,,,,,,,,,,1,2,49312,4,1,4
,,,,,,,,,,,,,,,,,,,,,,,2,,49478,1,1,1
,,,,,,,,,,,,,,,,,,,,,,,2,,49510,1,1,1
,,,,,,,,,,,,,,,,,,,,,,,1,2,49734,4,1,4
,,,,,,,,,,,,,,,,,,,3,2,,,2,,49754,1,1,1
,,,,,,,,,,,,,,,,,,,3,2,,,2,,49803,3,1,3
,,,,,,,,,,,,,,,,,,,,,,,2,,49812,3,1,3
,,,,,,,,,,,,,,,,,,,,,,,2,,49874,1,1,1
,,,,,,,,,,,,,,,,,,,,,,,2,,49907,1,1,1
,,,,,,,,,,,,,,,,,,,,,,,2,,49947,2,1,2
,,,,,,,,,,,,,,,,,,,,,,,2,,50062,2,1,2
,,,,,,,,,,,,,,,,,,,,,,,1,2,50067,1,1,1
,,,,,,,,,,,,,,,,,,,,,,,2,,50069,2,1,2
,,,,,,,,,,,,,,,,,,,,,,,2,,50158,3,1,3
,,,,,,,,,,,,,,,,,,,,,,,1,2,50179,3,1,3
,,,,,,,,,,,,,,,,,,,,,,,2,,50234,1,1,1
3,2,,,,,,,,,,,,,,,,,,,,,,,,50345,2,1,2
3,2,,,,,,,,,,,,,,,,,,,,,,,,50372,3,1,3
,,,,,,,,,,,,,,,,,,,,,,,2,,50505,2,1,2
,,,,,,,,,,,,,,,,,,,,,,,1,1,50507,1,1,1
,,,,,,,,,,,,,,,,,,,,,,,2,,50614,2,1,2
,,,,,,,,,,,,,,,,,,,,,,,1,2,50659,4,1,4
,,,,,,,,,,,,,,,,,,,,,,,2,,50670,1,1,1
,,,,,,,,,,,,,,,,,,,,,,,1,1,50824,2,1,2
,,,,,,,,,,,,,,,,,,,,,,,2,,50829,2,1,2
,,,,,,,,,,,,,,,,,,,,,,,2,,50837,1,1,1
,,,,,,,,,,,,,,,,,,,,,,,1,2,50840,3,1,3
,,,,,,,,,,,,,,,,,,,,,,,2,,50936,4,1,4
,,,,,,,,,,,,,,,,,,,,,,,2,,50986,3,1,3
,,,,,,,,,,,,,,,,,,,,,,,2,,50996,4,1,4
,,,,,,,,,,,,,,,,,,,,,,,2,,51048,2,1,2
,,,,,,,,,,,,,,,,,,,,,,,2,,51064,3,1,3
,,,,,,,,,,,,,,,,,,,3,2,,,,,51115,2,1,2
1,1,2,1,,,1,,,,,,,1,,,,,,,,,,1,1,51130,3,1,3
,,,,,,,,,,,,,,,,,,,,,,,1,2,51498,3,1,3
,,,,,,,,,,,,,,,,,,,,,,,2,,51545,1,1,1
,,,,,,,,,,,,,,,,,,,,,,,2,,51552,4,1,4
,,,,,,,,,,,,,,,,,,,,,,,2,,51619,2,1,2
,,,,,,,,,,,,,,,,,,,,,,,2,,51676,3,1,3
,,,,,,,,,,,,,,,,,,,,,,,2,,51749,2,1,2
,,,,,,,,,,,,,,,,,,,,,,,2,,52153,5,1,5
,,,,,,,,,,,,,,,,,,,3,2,,,,,52187,2,1,2
3,2,,,,,,,,,,,,,,,,,,,,,,,,52346,3,1,3
,,,,,,,,,,,,,,,,,,,,,,,2,,52365,1,1,1
,,,,,,,,,,,,,,,,,,,,,,,2,,52404,2,1,2
,,,,,,,,,,,,,,,,,,,,,,,1,2,52407,1,1,1
3,2,,,,,,,,,,,,,,,,,,,,,,,,52429,2,1,2
3,2,,,,,,,,,,,,,,,,,,,,,,2,,52701,2,1,2
3,2,,,,,,,,,,,,,,,,,,,,,,,,52742,2,1,2
,,,,,,,,,,,,,,,,,,,3,2,,,2,,52769,2,1,2
3,2,,,,,,,,,,,,,,,,,,,,,,,,52825,1,1,1
,,,,,,,,,,,,,,,,,,,,,,,1,2,52893,3,1,3
3,2,,,,,,,,,,,,,,,,,,,,,,2,,52917,1,1,1
,,,,,,,,,,,,,,,,,,,,,,,2,,52959,1,1,1
,,,,,,,,,,,,,,,,,,,,,,,2,,52991,3,1,3
,,,,,,,,,,,,,,,,,,,,,,,2,,53126,3,1,3
,,,,,,,,,,,,,,,,,,,3,2,,,,,53283,1,1,1
,,,,,,,,,,,,,,,,,,,,,,,2,,53380,2,1,2
,,,,,,,,,,,,,,,,,,,,,,,2,,53497,5,1,5
,,,,,,,,,,,,,,,,,,,,,,,2,,53518,3,1,3
,,,,,,,,,,,,,,,,,,,3,2,,,2,,53522,5,1,5
,,,,,,,,,,,,,,,,,,,3,2,,,2,,53593,2,1,2
3,2,,,,,,,,,,,,,,,,,,,,,,2,,53684,2,1,2
,,,,,,,,,,,,,,,,,,,,,,,2,,53707,1,1,1
,,,,,,,,,,,,,,,,,,,,,,,1,2,53784,1,1,1
,,,,,,,,,,,,,,,,,,,,,,,1,1,53807,2,1,2
,,,,,,,,,,,,,,,,,,,,,,,2,,53838,3,1,3
,,,,,,,,,,,,,,,,,,,,,,,1,1,53873,5,1,5
,,,,,,,,,,,,,,,,,,,,,,,1,1,53885,2,1,2
,,,,,,,,,,,,,,,,,,,,,,,1,1,53938,1,1,1
,,,,,,,,,,,,,,,,,,,,,,,2,,53973,5,1,5
,,,,,,,,,,,,,,,,,,,,,,,2,,53974,1,1,1
,,,,,,,,,,,,,,,,,,,,,,,1,1,54084,1,1,1
,,,,,,,,,,,,,,,,,,,,,,,1,2,54205,3,1,3
,,,,,,,,,,,,,,,,,,,,,,,1,2,54233,3,1,3
,,,,,,,,,,,,,,,,,,,,,,,2,,54319,1,1,1
,,,,,,,,,,,,,,,,,,,,,,,2,,54438,1,1,1
,,,,,,,,,,,,,,,,,,,2,1,4,2,,,54532,2,1,2
,,,,,,,,,,,,,,,,,,,,,,,2,,54593,1,1,1
,,,,,,,,,,,,,,,,,,,,,,,2,,54705,3,1,3
,,,,,,,,,,,,,,,,,,,,,,,2,,54813,1,1,1
,,,,,,,,,,,,,,,,,,,,,,,1,1,54868,1,1,1
,,,,,,,,,,,,,,,,,,,,,,,1,2,54903,1,1,1
,,,,,,,,,,,,,,,,,,,,,,,2,,55004,3,1,3
,,,,,,,,,,,,,,,,,,,,,,,1,2,55029,2,1,2
,,,,,,,,,,,,,,,,,,,,,,,2,,55127,4,1,4
,,,,,,,,,,,,,,,,,,,,,,,2,,55176,1,1,1
,,,,,,,,,,,,,,,,,,,,,,,2,,55199,1,1,1
,,,,,,,,,,,,,,,,,,,,,,,1,1,55468,1,1,1
3,2,,,,,,,,,,,,,,,,,,3,2,,,2,,55470,3,1,3
,,,,,,,,,,,,,,,,,,,,,,,2,,55476,3,1,3
,,,,,,,,,,,,,,,,,,,,,,,2,,55546,3,1,3
,,,,,,,,,,,,,,,,,,,,,,,2,,55560,1,1,1
,,,,,,,,,,,,,,,,,,,,,,,2,,55667,1,1,1
3,2,,,,,,,,,,,,,,,,,,3,2,,,2,,55722,2,1,2
,,,,,,,,,,,,,,,,,,,,,,,2,,55802,1,1,1
,,,,,,,,,,,,,,,,,,,,,,,2,,55834,1,1,1
,,,,,,,,,,,,,,,,,,,,,,,2,,55887,3,1,3
,,,,,,,,,,,,,,,,,,,,,,,1,2,55892,2,1,2
,,,,,,,,,,,,,,,,,,,3,2,,,2,,55957,2,1,2
,,,,,,,,,,,,,,,,,,,,,,,2,,55963,2,1,2
,,,,,,,,,,,,,,,,,,,,,,,1,1,55964,7,1,7
3,2,,,,,,,,,,,,,,,,,,,,,,2,,55974,3,1,3
,,,,,,,,,,,,,,,,,,,,,,,1,2,55991,1,1,1
,,,,,,,,,,,,,,,,,,,,,,,1,1,56027,3,1,3
3,2,,,,,,,,,,,,,,,,,,3,2,,,2,,56041,2,1,2
,,,,,,,,,,,,,,,,,,,,,,,2,,56056,1,1,1
,,,,,,,,,,,,,,,,,,,,,,,2,,56086,2,1,2
3,2,,,,,,,,,,,,,,,,,,,,,,,,56092,2,1,2
3,2,,,,,,,,,,,,,,,,,,,,,,,,56101,1,1,1
,,,,,,,,,,,,,,,,,,,,,,,2,,56111,1,1,1
,,,,,,,,,,,,,,,,,,,,,,,2,,56123,1,1,1
3,2,,,,,,,,,,,,,,,,,,3,2,,,2,,56124,3,1,3
3,2,,,,,,,,,,,,,,,,,,3,2,,,2,,56178,8,1,8
3,2,,,,,,,,,,,,,,,,,,3,2,,,,,56220,4,1,4
,,,,,,,,,,,,,,,,,,,3,2,,,2,,56221,3,1,3
2,1,2,2,1,,,,,,,,,1,,,,,,,,,,,,56270,2,1,2
,,,,,,,,,,,,,,,,,,,,,,,2,,56272,1,1,1
,,,,,,,,,,,,,,,,,,,3,2,,,1,2,56283,2,1,2
,,,,,,,,,,,,,,,,,,,,,,,2,,56297,3,1,3
,,,,,,,,,,,,,,,,,,,,,,,2,,56320,1,1,1
,,,,,,,,,,,,,,,,,,,,,,,2,,56380,1,1,1
3,2,,,,,,,,,,,,,,,,,,,,,,2,,56382,1,1,1
,,,,,,,,,,,,,,,,,,,,,,,1,1,56386,1,1,1
,,,,,,,,,,,,,,,,,,,,,,,2,,56401,1,1,1
3,2,,,,,,,,,,,,,,,,,,,,,,2,,56552,1,1,1
3,2,,,,,,,,,,,,,,,,,,3,2,,,2,,56569,2,1,2
,,,,,,,,,,,,,,,,,,,,,,,2,,56596,1,1,1
,,,,,,,,,,,,,,,,,,,,,,,2,,56641,1,1,1
,,,,,,,,,,,,,,,,,,,,,,,2,,56649,2,1,2
,,,,,,,,,,,,,,,,,,,,,,,1,1,56674,3,1,3
,,,,,,,,,,,,,,,,,,,,,,,2,,56710,1,1,1
,,,,,,,,,,,,,,,,,,,3,2,,,2,,56802,3,1,3
,,,,,,,,,,,,,,,,,,,,,,,2,,56824,3,1,3
,,,,,,,,,,,,,,,,,,,,,,,2,,56888,3,1,3
,,,,,,,,,,,,,,,,,,,,,,,2,,56930,1,1,1
,,,,,,,,,,,,,,,,,,,,,,,2,,56990,2,1,2
,,,,,,,,,,,,,,,,,,,,,,,1,1,57069,3,1,3
,,,,,,,,,,,,,,,,,,,,,,,2,,57247,2,1,2
,,,,,,,,,,,,,,,,,,,3,2,,,,,57393,1,1,1
,,,,,,,,,,,,,,,,,,,,,,,2,,57467,3,1,3
,,,,,,,,,,,,,,,,,,,,,,,2,,57513,3,1,3
,,,,,,,,,,,,,,,,,,,,,,,1,2,57567,1,1,1
3,2,,,,,,,,,,,,,,,,,,3,2,,,2,,57581,3,1,3
3,2,,,,,,,,,,,,,,,,,,,,,,2,,57623,1,1,1
,,,,,,,,,,,,,,,,,,,,,,,1,2,57628,11,1,11
,,,,,,,,,,,,,,,,,,,,,,,2,,57683,1,1,1
,,,,,,,,,,,,,,,,,,,,,,,2,,57753,2,1,2
,,,,,,,,,,,,,,,,,,,3,2,,,,,57782,3,1,3
,,,,,,,,,,,,,,,,,,,,,,,2,,57787,2,1,2
,,,,,,,,,,,,,,,,,,,,,,,2,,57839,3,1,3
,,,,,,,,,,,,,,,,,,,,,,,2,,57860,2,1,2
,,,,,,,,,,,,,,,,,,,,,,,1,2,57870,1,1,1
,,,,,,,,,,,,,,,,,,,3,2,,,,,57907,5,1,5
,,,,,,,,,,,,,,,,,,,,,,,2,,57918,3,1,3
,,,,,,,,,,,,,,,,,,,,,,,1,2,57947,4,1,4
,,,,,,,,,,,,,,,,,,,,,,,2,,57967,1,1,1
,,,,,,,,,,,,,,,,,,,,,,,2,,57989,1,1,1
3,2,,,,,,,,,,,,,,,,,,3,2,,,2,,58009,2,1,2
3,2,,,,,,,,,,,,,,,,,,,,,,,,58150,3,1,3
3,2,,,,,,,,,,,,,,,,,,,,,,,,58162,1,1,1
,,,,,,,,,,,,,,,,,,,,,,,2,,58187,3,1,3
,,,,,,,,,,,,,,,,,,,,,,,2,,58200,3,1,3
,,,,,,,,,,,,,,,,,,,,,,,2,,58274,1,1,1
,,,,,,,,,,,,,,,,,,,,,,,2,,58307,3,1,3
,,,,,,,,,,,,,,,,,,,,,,,2,,58354,1,1,1
,,,,,,,,,,,,,,,,,,,,,,,2,,58380,4,1,4
,,,,,,,,,,,,,,,,,,,,,,,2,,58382,3,1,3
,,,,,,,,,,,,,,,,,,,,,,,2,,58384,2,1,2
,,,,,,,,,,,,,,,,,,,,,,,2,,58398,1,1,1
,,,,,,,,,,,,,,,,,,,,,,,2,,58408,2,1,2
,,,,,,,,,,,,,,,,,,,,,,,2,,58451,1,1,1
,,,,,,,,,,,,,,,,,,,,,,,2,,58468,3,1,3
3,2,,,,,,,,,,,,,,,,,,,,,,2,,58507,1,1,1
,,,,,,,,,,,,,,,,,,,,,,,1,2,58522,1,1,1
3,2,,,,,,,,,,,,,,,,,,,,,,,,58555,2,1,2
3,2,,,,,,,,,,,,,,,,,,3,2,,,2,,58586,2,1,2
,,,,,,,,,,,,,,,,,,,,,,,2,,58734,2,1,2
,,,,,,,,,,,,,,,,,,,,,,,2,,58809,2,1,2
,,,,,,,,,,,,,,,,,,,,,,,2,,58840,1,1,1
3,2,,,,,,,,,,,,,,,,,,3,2,,,1,1,58853,1,1,1
,,,,,,,,,,,,,,,,,,,,,,,1,2,58873,4,1,4
,,,,,,,,,,,,,,,,,,,,,,,2,,58885,3,1,3
,,,,,,,,,,,,,,,,,,,,,,,2,,58919,4,1,4
,,,,,,,,,,,,,,,,,,,3,1,2,1,1,1,58988,1,1,1
3,2,,,,,,,,,,,,,,,,,,,,,,1,1,59017,2,1,2
,,,,,,,,,,,,,,,,,,,,,,,2,,59061,3,1,3
3,1,1,1,1,,,,,,,,,,,,,1,,,,,,,,59100,1,1,1
,,,,,,,,,,,,,,,,,,,,,,,2,,59233,4,1,4
3,2,,,,,,,,,,,,,,,,,,,,,,2,,59236,5,1,5
,,,,,,,,,,,,,,,,,,,,,,,2,,59250,1,1,1
,,,,,,,,,,,,,,,,,,,,,,,1,2,59316,3,1,3
2,1,2,2,1,,,,,,,,1,,,,,,,,,,,1,1,59429,3,1,3
,,,,,,,,,,,,,,,,,,,,,,,2,,59446,2,1,2
,,,,,,,,,,,,,,,,,,,3,2,,,,,59499,2,1,2
,,,,,,,,,,,,,,,,,,,,,,,2,,59508,1,1,1
,,,,,,,,,,,,,,,,,,,3,1,2,2,1,2,59570,3,1,3
,,,,,,,,,,,,,,,,,,,,,,,2,,59577,3,1,3
3,2,,,,,,,,,,,,,,,,,,,,,,2,,59629,3,1,3
3,2,,,,,,,,,,,,,,,,,,,,,,,,59652,1,1,1
,,,,,,,,,,,,,,,,,,,,,,,2,,59661,3,1,3
,,,,,,,,,,,,,,,,,,,,,,,2,,59694,2,1,2
,,,,,,,,,,,,,,,,,,,,,,,2,,59741,2,1,2
,,,,,,,,,,,,,,,,,,,,,,,9,,59765,4,1,4
,,,,,,,,,,,,,,,,,,,,,,,2,,59777,3,1,3
,,,,,,,,,,,,,,,,,,,,,,,1,2,59804,2,1,2
,,,,,,,,,,,,,,,,,,,,,,,2,,59817,2,1,2
,,,,,,,,,,,,,,,,,,,,,,,9,,59835,1,1,1
,,,,,,,,,,,,,,,,,,,,,,,2,,59941,2,1,2
