L_01,L_02,L_03,L_04,L_05,L_06,L_07,L_08,L_08_VALOR,L_08_TEXTO,L_09_A,L_09_B,L_09_C,L_09_D,L_09_E,L_09_F,L_09_G,L_09_H,L_09_I,L_10,L_10_A,L_10_B,L_11_A,L_11_B,L_11_C,L_11_D,L_11_E,L_11_F,L_11_G,L_11_H,L_11_I,L_11_J,L_11_K,L_11_L,L_11_M,L_11_N,L_11_O,DIRECTORIO,SECUENCIA_ENCUESTA,SECUENCIA_P,ORDEN
3,2,,,,,,,,,,,,,,,,,,,,,,,,,,,,,,,,,,,,7,1,1,1
3,2,,,,,,,,,,,,,,,,,,,,,,,,,,,,,,,,,,,,38,3,1,3
3,2,,,,,,,,,,,,,,,,,,,,,,,,,,,,,,,,,,,,129,1,1,1
3,2,,,,,,,,,,,,,,,,,,,,,,,,,,,,,,,,,,,,286,1,1,1
3,2,,,,,,,,,,,,,,,,,,,,,,,,,,,,,,,,,,,,290,1,1,1
3,2,,,,,,,,,,,,,,,,,,,,,,,,,,,,,,,,,,,,318,6,1,6
3,2,,,,,,,,,,,,,,,,,,,,,,,,,,,,,,,,,,,,402,1,1,1
3,2,,,,,,,,,,,,,,,,,,,,,,,,,,,,,,,,,,,,477,3,1,3
3,2,,,,,,,,,,,,,,,,,,,,,,,,,,,,,,,,,,,,522,2,1,2
3,1,3,1,2,40000,04,1,20000,VEINTE MIL PESOS,,,,,,,1,,,2,,,2,2,2,2,2,2,2,2,2,2,2,2,2,2,2,535,1,1,1
3,1,1,2,,,1,1,6000,SEIS MIL PESOS,,,,,1,,,,,2,,,2,2,2,2,2,1,2,2,2,2,2,2,2,2,2,544,1,1,1
3,2,,,,,,,,,,,,,,,,,,,,,,,,,,,,,,,,,,,,634,1,1,1
3,2,,,,,,,,,,,,,,,,,,,,,,,,,,,,,,,,,,,,721,1,1,1
3,2,,,,,,,,,,,,,,,,,,,,,,,,,,,,,,,,,,,,760,2,1,2
3,2,,,,,,,,,,,,,,,,,,,,,,,,,,,,,,,,,,,,778,3,1,3
3,2,,,,,,,,,,,,,,,,,,,,,,,,,,,,,,,,,,,,827,1,1,1
3,2,,,,,,,,,,,,,,,,,,,,,,,,,,,,,,,,,,,,1077,1,1,1
3,1,2,2,,,5,1,10000,DIEZ MIL PESOS MCTE,,,1,,,,,,,2,,,2,2,2,1,1,1,1,2,2,2,2,2,2,2,2,1123,1,1,1
3,2,,,,,,,,,,,,,,,,,,,,,,,,,,,,,,,,,,,,1147,2,1,2
3,9,,,,,,,,,,,,,,,,,,,,,,,,,,,,,,,,,,,,1236,2,1,2
1,1,4,1,12,84000,12,1,7000,SIETE MIL PESOS,,,1,1,,,1,,,2,,,2,2,2,1,2,1,1,1,1,2,1,1,2,2,1,1371,3,1,3
3,2,,,,,,,,,,,,,,,,,,,,,,,,,,,,,,,,,,,,1431,1,1,1
3,2,,,,,,,,,,,,,,,,,,,,,,,,,,,,,,,,,,,,1455,1,1,1
3,2,,,,,,,,,,,,,,,,,,,,,,,,,,,,,,,,,,,,1461,1,1,1
3,1,5,1,27,50000,4,1,18000,DIECIOCHO MIL PESOS,,,1,,,,,,,1,1,,1,1,1,1,1,1,1,1,1,1,1,1,1,1,1,1535,3,1,3
3,2,,,,,,,,,,,,,,,,,,,,,,,,,,,,,,,,,,,,1568,2,1,2
3,1,3,2,,,30,1,15000,QUINCE MIL PESOS,,,1,,,,,,,2,,,1,1,1,1,1,1,1,1,1,1,1,1,1,1,1,1742,7,1,7
3,1,4,1,2,14000,02,1,7000,SIETE MIL PESOS,,,,,,,1,,,2,,,2,2,2,2,2,2,1,1,2,2,2,2,2,2,2,1772,3,1,3
2,1,1,2,,,01,2,,,,,,,1,,,,,2,,,2,2,1,1,2,2,2,2,1,2,2,2,1,2,2,1779,2,1,2
9,1,5,1,30,98,30,1,5000,CINCO MIL PESOS,,,,1,,,,,,2,,,2,2,2,1,2,2,2,2,2,2,1,1,1,1,1,1825,4,1,4
3,2,,,,,,,,,,,,,,,,,,,,,,,,,,,,,,,,,,,,1829,1,1,1
3,2,,,,,,,,,,,,,,,,,,,,,,,,,,,,,,,,,,,,2014,1,1,1
3,2,,,,,,,,,,,,,,,,,,,,,,,,,,,,,,,,,,,,2030,1,1,1
3,2,,,,,,,,,,,,,,,,,,,,,,,,,,,,,,,,,,,,2119,1,1,1
3,2,,,,,,,,,,,,,,,,,,,,,,,,,,,,,,,,,,,,2121,8,1,8
3,2,,,,,,,,,,,,,,,,,,,,,,,,,,,,,,,,,,,,2201,1,1,1
3,2,,,,,,,,,,,,,,,,,,,,,,,,,,,,,,,,,,,,2276,1,1,1
3,1,2,2,,,1,2,,,,,,1,,,,,,2,,,2,2,2,2,2,2,2,2,2,2,2,1,2,2,2,2425,3,1,3
3,2,,,,,,,,,,,,,,,,,,,,,,,,,,,,,,,,,,,,2433,3,1,3
3,2,,,,,,,,,,,,,,,,,,,,,,,,,,,,,,,,,,,,2451,1,1,1
3,2,,,,,,,,,,,,,,,,,,,,,,,,,,,,,,,,,,,,2467,3,1,3
3,2,,,,,,,,,,,,,,,,,,,,,,,,,,,,,,,,,,,,2474,1,1,1
3,2,,,,,,,,,,,,,,,,,,,,,,,,,,,,,,,,,,,,2522,2,1,2
3,2,,,,,,,,,,,,,,,,,,,,,,,,,,,,,,,,,,,,2530,1,1,1
3,2,,,,,,,,,,,,,,,,,,,,,,,,,,,,,,,,,,,,2565,1,1,1
3,2,,,,,,,,,,,,,,,,,,,,,,,,,,,,,,,,,,,,2584,1,1,1
3,2,,,,,,,,,,,,,,,,,,,,,,,,,,,,,,,,,,,,2616,3,1,3
3,1,3,1,4,98,01,1,10000,DIEZ MIL PESOS,,,,1,,,,,,2,,,1,1,1,1,2,2,2,2,2,2,1,2,1,1,2,2677,3,1,3
3,1,3,1,2,70000,6,1,6000,SEIS MIL PESOS,,,1,,,,,,,2,,,2,2,2,2,2,1,1,2,2,2,2,2,2,2,2,2734,1,1,1
3,2,,,,,,,,,,,,,,,,,,,,,,,,,,,,,,,,,,,,2891,3,1,3
3,2,,,,,,,,,,,,,,,,,,,,,,,,,,,,,,,,,,,,3243,1,1,1
3,2,,,,,,,,,,,,,,,,,,,,,,,,,,,,,,,,,,,,3395,2,1,2
2,1,2,2,,,01,2,,,,,1,,,,,,,2,,,2,1,1,2,1,1,1,1,1,1,1,1,1,2,1,3409,1,1,1
1,1,2,1,4,40000,04,1,10000,DIEZ MIL PESOS,,,1,,,,,,,2,,,2,2,2,2,2,2,2,2,2,2,2,2,2,2,1,3441,2,1,2
3,1,4,1,4,30000,05,2,,,,,,1,,,,,,2,,,1,1,2,2,2,1,2,2,2,2,1,2,2,2,2,3587,1,1,1
3,2,,,,,,,,,,,,,,,,,,,,,,,,,,,,,,,,,,,,3622,1,1,1
3,2,,,,,,,,,,,,,,,,,,,,,,,,,,,,,,,,,,,,3654,1,1,1
3,2,,,,,,,,,,,,,,,,,,,,,,,,,,,,,,,,,,,,3701,1,1,1
3,2,,,,,,,,,,,,,,,,,,,,,,,,,,,,,,,,,,,,3709,3,1,3
3,2,,,,,,,,,,,,,,,,,,,,,,,,,,,,,,,,,,,,3758,1,1,1
3,2,,,,,,,,,,,,,,,,,,,,,,,,,,,,,,,,,,,,3786,1,1,1
3,2,,,,,,,,,,,,,,,,,,,,,,,,,,,,,,,,,,,,3970,2,1,2
1,1,1,1,1,98,01,1,12000,DOCE MIL PESOS,,,,1,,,,,,2,,,2,2,2,2,2,2,2,2,1,2,1,2,2,1,2,4013,2,1,2
3,2,,,,,,,,,,,,,,,,,,,,,,,,,,,,,,,,,,,,4115,3,1,3
3,2,,,,,,,,,,,,,,,,,,,,,,,,,,,,,,,,,,,,4135,3,1,3
3,2,,,,,,,,,,,,,,,,,,,,,,,,,,,,,,,,,,,,4166,1,1,1
3,2,,,,,,,,,,,,,,,,,,,,,,,,,,,,,,,,,,,,4174,3,1,3
2,1,1,2,,,01,1,10000,DIEZ MIL PESOS,,,,1,,,,,,2,,,2,2,2,2,2,2,2,2,2,2,2,2,2,2,2,4270,1,1,1
3,1,4,1,15,150000,09,1,10000,DIEZ MIL,,,1,1,1,,,,,2,,,2,1,1,2,1,2,1,2,2,2,1,1,1,1,1,4278,7,1,7
3,2,,,,,,,,,,,,,,,,,,,,,,,,,,,,,,,,,,,,4438,1,1,1
3,2,,,,,,,,,,,,,,,,,,,,,,,,,,,,,,,,,,,,4590,2,1,2
3,2,,,,,,,,,,,,,,,,,,,,,,,,,,,,,,,,,,,,4665,1,1,1
3,1,4,1,4,30000,10,1,10000,DIEZ MIL PESOS,,,,1,,,,,,2,,,1,1,2,1,1,1,1,2,1,1,2,1,1,1,1,4766,1,1,1
3,2,,,,,,,,,,,,,,,,,,,,,,,,,,,,,,,,,,,,4787,3,1,3
3,2,,,,,,,,,,,,,,,,,,,,,,,,,,,,,,,,,,,,4826,1,1,1
3,2,,,,,,,,,,,,,,,,,,,,,,,,,,,,,,,,,,,,4859,1,1,1
9,9,,,,,,,,,,,,,,,,,,,,,,,,,,,,,,,,,,,,4921,2,1,2
1,1,2,1,2,10000,02,1,5000,cinco mil pesos,,,1,,,,,,,2,,,2,2,2,2,2,2,2,2,2,2,2,2,2,2,2,4984,2,1,2
3,1,3,1,8,20000,10,1,5000,CINCO MIL,,,1,,,,,,,2,,,1,1,1,1,1,1,2,2,1,1,2,2,1,1,1,4993,1,1,1
3,2,,,,,,,,,,,,,,,,,,,,,,,,,,,,,,,,,,,,5094,2,1,2
3,2,,,,,,,,,,,,,,,,,,,,,,,,,,,,,,,,,,,,5240,1,1,1
3,2,,,,,,,,,,,,,,,,,,,,,,,,,,,,,,,,,,,,5310,3,1,3
3,2,,,,,,,,,,,,,,,,,,,,,,,,,,,,,,,,,,,,5394,1,1,1
3,1,2,2,,,10,1,5000,CINCO MIL,,,1,,,,,,,2,,,2,2,2,2,2,2,2,2,2,2,2,2,2,2,2,5442,1,1,1
3,2,,,,,,,,,,,,,,,,,,,,,,,,,,,,,,,,,,,,5449,1,1,1
3,2,,,,,,,,,,,,,,,,,,,,,,,,,,,,,,,,,,,,5453,1,1,1
3,2,,,,,,,,,,,,,,,,,,,,,,,,,,,,,,,,,,,,5466,6,1,6
3,1,4,1,8,100000,10,1,10000,DIEZ MIL PESOS,,,1,,,,,,,2,,,1,1,1,1,1,1,1,2,2,2,1,2,1,1,1,5473,3,1,3
3,2,,,,,,,,,,,,,,,,,,,,,,,,,,,,,,,,,,,,5483,1,1,1
3,1,2,2,,,01,1,10000,DIEZ MIL PESOS,,,,1,,,,,,2,,,2,2,2,2,2,2,2,2,2,2,2,2,2,2,1,5557,3,1,3
1,1,4,1,2,20000,02,1,6000,SEIS MIL PESOS,,,,,,1,,,,2,,,2,2,2,2,2,1,1,2,2,2,2,2,2,2,2,5560,1,1,1
3,2,,,,,,,,,,,,,,,,,,,,,,,,,,,,,,,,,,,,5562,2,1,2
3,1,3,1,2,50000,10,1,5000,CINCO MIL PESOS,,,1,,,,,,,2,,,1,1,1,1,1,1,1,1,1,2,1,1,1,1,1,5611,1,1,1
3,1,2,2,,,01,1,10000,DIEZ MIL PESOS,,,,,,,1,,,2,,,2,2,2,2,2,2,2,2,1,2,2,2,2,1,2,5737,3,1,3
3,2,,,,,,,,,,,,,,,,,,,,,,,,,,,,,,,,,,,,5764,4,1,4
3,2,,,,,,,,,,,,,,,,,,,,,,,,,,,,,,,,,,,,5875,2,1,2
9,2,,,,,,,,,,,,,,,,,,,,,,,,,,,,,,,,,,,,5876,1,1,1
3,2,,,,,,,,,,,,,,,,,,,,,,,,,,,,,,,,,,,,5931,1,1,1
3,2,,,,,,,,,,,,,,,,,,,,,,,,,,,,,,,,,,,,5937,1,1,1
3,2,,,,,,,,,,,,,,,,,,,,,,,,,,,,,,,,,,,,5967,1,1,1
3,2,,,,,,,,,,,,,,,,,,,,,,,,,,,,,,,,,,,,5974,5,1,5
3,2,,,,,,,,,,,,,,,,,,,,,,,,,,,,,,,,,,,,6020,2,1,2
3,2,,,,,,,,,,,,,,,,,,,,,,,,,,,,,,,,,,,,6040,2,1,2
3,2,,,,,,,,,,,,,,,,,,,,,,,,,,,,,,,,,,,,6093,2,1,2
3,2,,,,,,,,,,,,,,,,,,,,,,,,,,,,,,,,,,,,6181,3,1,3
3,2,,,,,,,,,,,,,,,,,,,,,,,,,,,,,,,,,,,,6224,4,1,4
3,2,,,,,,,,,,,,,,,,,,,,,,,,,,,,,,,,,,,,6287,1,1,1
3,2,,,,,,,,,,,,,,,,,,,,,,,,,,,,,,,,,,,,6296,3,1,3
3,2,,,,,,,,,,,,,,,,,,,,,,,,,,,,,,,,,,,,6620,2,1,2
1,1,4,1,15,50000,20,1,4000,CUATRO MIL,,,1,,,,,,,2,,,2,2,2,2,2,2,2,2,2,2,2,2,2,2,1,6622,2,1,2
3,2,,,,,,,,,,,,,,,,,,,,,,,,,,,,,,,,,,,,6623,1,1,1
3,2,,,,,,,,,,,,,,,,,,,,,,,,,,,,,,,,,,,,6679,1,1,1
3,1,3,1,2,10000,02,1,5000,CINCO MIL PESOS,,,1,,,,,,,2,,,2,2,2,2,2,2,2,2,2,2,2,2,2,2,2,6707,2,1,2
3,1,3,2,,,20,1,5000,cinco mil pesos,,1,,,,,,,,2,,,2,2,2,2,2,2,2,2,2,2,2,2,2,2,2,6726,3,1,3
3,1,4,1,3,30000,04,1,10000,DIEZ MIL PESOS,,,,1,,,,,,2,,,1,1,1,1,1,1,2,1,1,1,1,1,1,1,1,6849,5,1,5
3,2,,,,,,,,,,,,,,,,,,,,,,,,,,,,,,,,,,,,7026,1,1,1
3,2,,,,,,,,,,,,,,,,,,,,,,,,,,,,,,,,,,,,7089,1,1,1
3,2,,,,,,,,,,,,,,,,,,,,,,,,,,,,,,,,,,,,7162,1,1,1
3,1,2,2,,,01,1,5000,CINCO MIL PESOS,,,1,,,,,,,2,,,1,1,2,1,2,2,2,2,2,2,2,2,2,2,1,7185,1,1,1
3,2,,,,,,,,,,,,,,,,,,,,,,,,,,,,,,,,,,,,7201,1,1,1
3,1,2,1,2,98,1,1,10000,DIEZ MIL PESOS,,,,1,,,,,,2,,,2,2,2,2,2,2,2,2,2,2,2,2,2,2,2,7227,4,1,4
3,2,,,,,,,,,,,,,,,,,,,,,,,,,,,,,,,,,,,,7441,1,1,1
3,2,,,,,,,,,,,,,,,,,,,,,,,,,,,,,,,,,,,,7452,1,1,1
3,2,,,,,,,,,,,,,,,,,,,,,,,,,,,,,,,,,,,,7518,1,1,1
3,2,,,,,,,,,,,,,,,,,,,,,,,,,,,,,,,,,,,,7560,3,1,3
1,1,3,2,,,1,1,5000,CINCO MIL PESOS,,,1,,,,,,,2,,,2,2,2,2,2,2,2,2,2,2,1,2,2,2,2,7572,1,1,1
3,1,1,1,1,98,1,1,20000,VEINTE MIL,,,,1,,,,,,2,,,2,2,2,2,2,1,2,2,2,2,2,2,2,2,2,7710,3,1,3
3,2,,,,,,,,,,,,,,,,,,,,,,,,,,,,,,,,,,,,7737,3,1,3
1,1,1,1,1,5000,2,1,5000,CINCO MIL PESOS,,,,1,,,,,,2,,,2,2,2,2,2,2,2,2,2,2,2,2,2,2,2,7750,2,1,2
3,2,,,,,,,,,,,,,,,,,,,,,,,,,,,,,,,,,,,,7773,1,1,1
3,1,9,1,5,60000,2,1,10000,DIEZ MIL PESOS,,,,1,,,,,,2,,,1,2,2,2,2,1,2,2,2,2,2,2,2,2,2,7799,9,1,9
3,1,2,1,2,120000,20,1,6000,SEIS MIL PESOS,,,1,,,,,,,2,,,2,1,2,2,2,2,1,1,2,1,1,1,2,2,1,7877,2,1,2
3,1,2,2,,,02,1,15000,QUINCE MIL PESOS,,,,1,,,,,,2,,,2,2,2,2,2,2,2,2,2,2,2,2,2,2,2,8034,1,1,1
3,2,,,,,,,,,,,,,,,,,,,,,,,,,,,,,,,,,,,,8125,1,1,1
3,2,,,,,,,,,,,,,,,,,,,,,,,,,,,,,,,,,,,,8142,1,1,1
3,2,,,,,,,,,,,,,,,,,,,,,,,,,,,,,,,,,,,,8172,1,1,1
3,2,,,,,,,,,,,,,,,,,,,,,,,,,,,,,,,,,,,,8185,1,1,1
3,2,,,,,,,,,,,,,,,,,,,,,,,,,,,,,,,,,,,,8189,1,1,1
3,2,,,,,,,,,,,,,,,,,,,,,,,,,,,,,,,,,,,,8219,1,1,1
3,2,,,,,,,,,,,,,,,,,,,,,,,,,,,,,,,,,,,,8487,5,1,5
2,1,1,2,,,1,1,6000,SEIS MIL PESOS,,,1,,,,,,,2,,,1,2,2,1,2,2,2,2,2,2,2,2,2,2,2,8493,3,1,3
3,1,1,2,,,01,1,5000,CINCO MIL PESOS,,,,1,,,,,,2,,,2,2,1,2,2,1,2,2,2,2,2,2,2,2,2,8889,1,1,1
3,2,,,,,,,,,,,,,,,,,,,,,,,,,,,,,,,,,,,,8894,1,1,1
3,1,2,1,3,15000,2,1,5000,CINCO MIL PESOS,,,1,,,,,,,2,,,1,2,2,1,1,1,1,2,2,2,2,2,2,2,2,8917,2,1,2
3,2,,,,,,,,,,,,,,,,,,,,,,,,,,,,,,,,,,,,8925,1,1,1
3,2,,,,,,,,,,,,,,,,,,,,,,,,,,,,,,,,,,,,8953,5,1,5
3,2,,,,,,,,,,,,,,,,,,,,,,,,,,,,,,,,,,,,8962,1,1,1
3,2,,,,,,,,,,,,,,,,,,,,,,,,,,,,,,,,,,,,9014,3,1,3
3,2,,,,,,,,,,,,,,,,,,,,,,,,,,,,,,,,,,,,9069,4,1,4
3,1,4,1,4,12000,02,1,12000,DOCE MIL,,,1,1,1,,,,,1,1,,2,2,2,1,2,2,2,2,2,2,2,2,2,2,2,9072,2,1,2
3,2,,,,,,,,,,,,,,,,,,,,,,,,,,,,,,,,,,,,9102,1,1,1
3,2,,,,,,,,,,,,,,,,,,,,,,,,,,,,,,,,,,,,9159,2,1,2
3,2,,,,,,,,,,,,,,,,,,,,,,,,,,,,,,,,,,,,9183,1,1,1
3,2,,,,,,,,,,,,,,,,,,,,,,,,,,,,,,,,,,,,9345,2,1,2
3,2,,,,,,,,,,,,,,,,,,,,,,,,,,,,,,,,,,,,9364,2,1,2
3,1,2,2,,,1,1,5000,CINCO MIL PESOS,,,,1,,,1,,,2,,,2,2,2,2,2,1,2,2,2,2,2,2,2,2,2,9446,3,1,3
3,1,2,1,4,50000,01,1,5000,CINCO MIL PESOS,,,,1,,,,,,2,,,2,2,2,2,2,1,2,2,2,2,1,1,2,2,1,9461,2,1,2
3,2,,,,,,,,,,,,,,,,,,,,,,,,,,,,,,,,,,,,9538,3,1,3
3,2,,,,,,,,,,,,,,,,,,,,,,,,,,,,,,,,,,,,9567,1,1,1
3,2,,,,,,,,,,,,,,,,,,,,,,,,,,,,,,,,,,,,9623,1,1,1
3,2,,,,,,,,,,,,,,,,,,,,,,,,,,,,,,,,,,,,9642,1,1,1
3,2,,,,,,,,,,,,,,,,,,,,,,,,,,,,,,,,,,,,9648,2,1,2
3,2,,,,,,,,,,,,,,,,,,,,,,,,,,,,,,,,,,,,9667,1,1,1
3,2,,,,,,,,,,,,,,,,,,,,,,,,,,,,,,,,,,,,9682,3,1,3
3,2,,,,,,,,,,,,,,,,,,,,,,,,,,,,,,,,,,,,9959,1,1,1
3,2,,,,,,,,,,,,,,,,,,,,,,,,,,,,,,,,,,,,9968,3,1,3
3,1,1,2,,,01,1,25000,VEINTICINCO MIL PESOS,,,,,,1,,,,1,1,,2,2,2,2,2,2,2,2,2,2,2,2,2,2,2,9999,1,1,1
3,2,,,,,,,,,,,,,,,,,,,,,,,,,,,,,,,,,,,,10214,1,1,1
3,2,,,,,,,,,,,,,,,,,,,,,,,,,,,,,,,,,,,,10235,3,1,3
3,2,,,,,,,,,,,,,,,,,,,,,,,,,,,,,,,,,,,,10312,2,1,2
3,2,,,,,,,,,,,,,,,,,,,,,,,,,,,,,,,,,,,,10315,1,1,1
3,2,,,,,,,,,,,,,,,,,,,,,,,,,,,,,,,,,,,,10344,3,1,3
3,2,,,,,,,,,,,,,,,,,,,,,,,,,,,,,,,,,,,,10381,2,1,2
3,1,3,1,10,50000,10,1,5000,CINCO MIL PESOS,,,,1,,,,,,2,,,1,1,1,2,1,2,2,1,1,1,1,1,1,1,1,10383,1,1,1
3,2,,,,,,,,,,,,,,,,,,,,,,,,,,,,,,,,,,,,10496,1,1,1
3,2,,,,,,,,,,,,,,,,,,,,,,,,,,,,,,,,,,,,10585,2,1,2
3,2,,,,,,,,,,,,,,,,,,,,,,,,,,,,,,,,,,,,10627,1,1,1
3,2,,,,,,,,,,,,,,,,,,,,,,,,,,,,,,,,,,,,11115,1,1,1
3,2,,,,,,,,,,,,,,,,,,,,,,,,,,,,,,,,,,,,11121,3,1,3
3,2,,,,,,,,,,,,,,,,,,,,,,,,,,,,,,,,,,,,11142,2,1,2
9,1,2,1,4,80000,03,2,,,,,1,,,,,,,2,,,2,2,2,2,2,2,2,2,2,2,2,2,2,2,2,11341,3,1,3
3,2,,,,,,,,,,,,,,,,,,,,,,,,,,,,,,,,,,,,11358,5,1,5
3,2,,,,,,,,,,,,,,,,,,,,,,,,,,,,,,,,,,,,11385,2,1,2
3,2,,,,,,,,,,,,,,,,,,,,,,,,,,,,,,,,,,,,11467,1,1,1
3,2,,,,,,,,,,,,,,,,,,,,,,,,,,,,,,,,,,,,11621,5,1,5
3,2,,,,,,,,,,,,,,,,,,,,,,,,,,,,,,,,,,,,11706,4,1,4
3,1,2,2,,,05,1,4000,CUATRO MIL,,,1,,,,,,,2,,,2,2,2,2,2,2,2,2,2,2,2,2,2,2,2,11709,1,1,1
1,1,2,1,3,20000,1,1,20000,VEINTE MIL,1,1,1,1,1,,1,,,2,,,2,2,2,2,2,2,2,2,2,2,1,1,2,2,1,11785,4,1,4
3,2,,,,,,,,,,,,,,,,,,,,,,,,,,,,,,,,,,,,11799,2,1,2
3,2,,,,,,,,,,,,,,,,,,,,,,,,,,,,,,,,,,,,11813,2,1,2
3,1,4,1,6,50000,06,1,7000,SIETE MIL PESOS,,,1,,,,,,,2,,,1,1,2,1,2,2,2,2,1,1,1,1,1,1,1,11839,2,1,2
3,2,,,,,,,,,,,,,,,,,,,,,,,,,,,,,,,,,,,,11869,1,1,1
3,2,,,,,,,,,,,,,,,,,,,,,,,,,,,,,,,,,,,,11872,2,1,2
3,2,,,,,,,,,,,,,,,,,,,,,,,,,,,,,,,,,,,,11982,1,1,1
3,2,,,,,,,,,,,,,,,,,,,,,,,,,,,,,,,,,,,,12073,2,1,2
3,1,2,1,1,98,01,1,15000,QUINCE MIL PESOS,,,1,,,,,,,2,,,2,2,2,2,2,2,2,2,2,2,2,2,2,2,2,12138,1,1,1
2,1,2,2,,,01,1,12000,DOCE MIL PESOS,,,,1,,,,,,2,,,2,2,2,2,2,2,2,2,2,2,2,2,2,2,2,12215,1,1,1
3,2,,,,,,,,,,,,,,,,,,,,,,,,,,,,,,,,,,,,12440,3,1,3
3,2,,,,,,,,,,,,,,,,,,,,,,,,,,,,,,,,,,,,12461,3,1,3
3,2,,,,,,,,,,,,,,,,,,,,,,,,,,,,,,,,,,,,12493,2,1,2
3,2,,,,,,,,,,,,,,,,,,,,,,,,,,,,,,,,,,,,12559,3,1,3
3,2,,,,,,,,,,,,,,,,,,,,,,,,,,,,,,,,,,,,12582,1,1,1
2,1,1,2,,,1,2,,,,,,1,,,,,,2,,,2,2,2,2,2,2,2,2,2,2,2,2,2,2,2,12585,2,1,2
3,1,3,1,10,98,04,1,6000,SEIS MIL PESOS,,,,1,,,,,,2,,,2,2,1,2,2,2,2,1,1,1,2,1,1,2,1,12709,1,1,1
3,2,,,,,,,,,,,,,,,,,,,,,,,,,,,,,,,,,,,,12710,1,1,1
2,2,,,,,,,,,,,,,,,,,,,,,,,,,,,,,,,,,,,,12729,1,1,1
3,1,5,1,30,98,30,1,5000,CINCO MIL,,,1,,,,,,,2,,,2,2,2,2,2,2,1,1,2,2,2,2,2,2,1,12775,2,1,2
3,2,,,,,,,,,,,,,,,,,,,,,,,,,,,,,,,,,,,,12801,1,1,1
3,2,,,,,,,,,,,,,,,,,,,,,,,,,,,,,,,,,,,,12995,2,1,2
3,2,,,,,,,,,,,,,,,,,,,,,,,,,,,,,,,,,,,,13081,1,1,1
3,2,,,,,,,,,,,,,,,,,,,,,,,,,,,,,,,,,,,,13092,4,1,4
3,2,,,,,,,,,,,,,,,,,,,,,,,,,,,,,,,,,,,,13106,1,1,1
3,2,,,,,,,,,,,,,,,,,,,,,,,,,,,,,,,,,,,,13109,2,1,2
2,1,2,1,1,98,01,2,,,,,,1,,,,,,2,,,2,2,2,2,2,2,2,2,2,2,2,2,2,2,2,13142,1,1,1
3,2,,,,,,,,,,,,,,,,,,,,,,,,,,,,,,,,,,,,13144,1,1,1
3,2,,,,,,,,,,,,,,,,,,,,,,,,,,,,,,,,,,,,13168,1,1,1
3,2,,,,,,,,,,,,,,,,,,,,,,,,,,,,,,,,,,,,13191,2,1,2
3,2,,,,,,,,,,,,,,,,,,,,,,,,,,,,,,,,,,,,13200,1,1,1
3,2,,,,,,,,,,,,,,,,,,,,,,,,,,,,,,,,,,,,13211,2,1,2
3,1,5,1,30,150000,30,1,5000,CINCO MIL,,,1,,,,,,,2,,,2,1,1,1,1,1,1,1,1,1,1,1,1,1,1,13250,1,1,1
3,2,,,,,,,,,,,,,,,,,,,,,,,,,,,,,,,,,,,,13286,2,1,2
3,2,,,,,,,,,,,,,,,,,,,,,,,,,,,,,,,,,,,,13324,1,1,1
3,2,,,,,,,,,,,,,,,,,,,,,,,,,,,,,,,,,,,,13344,1,1,1
2,1,1,2,,,12,2,,,,,1,,,,,,,2,,,1,1,1,1,1,2,1,1,1,1,1,1,2,1,2,13522,3,1,3
3,2,,,,,,,,,,,,,,,,,,,,,,,,,,,,,,,,,,,,13730,1,1,1
3,2,,,,,,,,,,,,,,,,,,,,,,,,,,,,,,,,,,,,13861,2,1,2
2,2,,,,,,,,,,,,,,,,,,,,,,,,,,,,,,,,,,,,13938,1,1,1
3,1,4,1,2,10000,01,1,10000,DIEZ MIL,,,,1,,,,,,2,,,2,2,2,2,2,2,2,2,2,2,1,2,2,2,1,14007,1,1,1
3,2,,,,,,,,,,,,,,,,,,,,,,,,,,,,,,,,,,,,14044,1,1,1
2,1,2,2,,,05,1,5000,CINCO MIL PESOS EL GRAMO,,,,1,1,,,,,2,,,2,2,2,2,2,1,1,2,2,2,2,2,2,1,1,14137,2,1,2
3,2,,,,,,,,,,,,,,,,,,,,,,,,,,,,,,,,,,,,14181,3,1,3
3,1,3,2,,,1,1,6000,SEIS MIL PESOS,,,1,,,,,,,2,,,2,2,2,2,2,2,2,2,2,2,2,2,2,2,2,14295,1,1,1
3,2,,,,,,,,,,,,,,,,,,,,,,,,,,,,,,,,,,,,14320,2,1,2
3,2,,,,,,,,,,,,,,,,,,,,,,,,,,,,,,,,,,,,14326,1,1,1
3,2,,,,,,,,,,,,,,,,,,,,,,,,,,,,,,,,,,,,14327,1,1,1
3,2,,,,,,,,,,,,,,,,,,,,,,,,,,,,,,,,,,,,14346,1,1,1
3,2,,,,,,,,,,,,,,,,,,,,,,,,,,,,,,,,,,,,14348,1,1,1
3,1,1,2,,,01,2,,,,,,1,,,,,,2,,,2,2,2,2,2,2,2,2,2,2,2,2,2,2,2,14375,1,1,1
3,2,,,,,,,,,,,,,,,,,,,,,,,,,,,,,,,,,,,,14402,3,1,3
3,2,,,,,,,,,,,,,,,,,,,,,,,,,,,,,,,,,,,,14591,3,1,3
3,2,,,,,,,,,,,,,,,,,,,,,,,,,,,,,,,,,,,,14602,3,1,3
3,2,,,,,,,,,,,,,,,,,,,,,,,,,,,,,,,,,,,,14665,2,1,2
3,2,,,,,,,,,,,,,,,,,,,,,,,,,,,,,,,,,,,,14680,4,1,4
3,2,,,,,,,,,,,,,,,,,,,,,,,,,,,,,,,,,,,,14691,1,1,1
3,1,1,2,,,06,1,5000,CINCO MIL PESOS,,,,1,,,,,,1,1,,2,2,2,2,2,2,2,2,2,2,2,2,2,2,2,14740,4,1,4
3,2,,,,,,,,,,,,,,,,,,,,,,,,,,,,,,,,,,,,14800,1,1,1
3,2,,,,,,,,,,,,,,,,,,,,,,,,,,,,,,,,,,,,15021,1,1,1
3,2,,,,,,,,,,,,,,,,,,,,,,,,,,,,,,,,,,,,15037,1,1,1
3,2,,,,,,,,,,,,,,,,,,,,,,,,,,,,,,,,,,,,15069,2,1,2
3,2,,,,,,,,,,,,,,,,,,,,,,,,,,,,,,,,,,,,15087,1,1,1
3,1,4,1,6,40000,30,1,10000,DIEZ MIL PESOS COLOMBIANOS,,,1,1,1,1,,,,2,,,1,1,2,1,2,1,1,1,1,1,1,1,1,1,1,15101,1,1,1
3,1,5,2,,,04,1,5000,CINCO MIL PESOS MONEDA CORRIENTE,,,,1,1,,,,,2,,,1,1,1,1,2,1,1,1,1,1,1,2,1,1,1,15110,3,1,3
3,1,2,2,,,5,1,10000,DIEZ MIL PESOS,,,,1,,,,,,2,,,2,2,2,2,2,1,1,2,2,2,2,2,2,2,2,15155,3,1,3
3,2,,,,,,,,,,,,,,,,,,,,,,,,,,,,,,,,,,,,15215,3,1,3
3,2,,,,,,,,,,,,,,,,,,,,,,,,,,,,,,,,,,,,15216,1,1,1
3,2,,,,,,,,,,,,,,,,,,,,,,,,,,,,,,,,,,,,15228,5,1,5
3,2,,,,,,,,,,,,,,,,,,,,,,,,,,,,,,,,,,,,15249,1,1,1
3,1,4,1,4,98,4,1,8000,OCHO MIL PESOS,,,,1,,,,,,2,,,1,2,2,1,2,2,2,2,2,2,2,2,2,2,2,15318,1,1,1
3,2,,,,,,,,,,,,,,,,,,,,,,,,,,,,,,,,,,,,15341,1,1,1
3,2,,,,,,,,,,,,,,,,,,,,,,,,,,,,,,,,,,,,15362,1,1,1
3,2,,,,,,,,,,,,,,,,,,,,,,,,,,,,,,,,,,,,15388,2,1,2
9,2,,,,,,,,,,,,,,,,,,,,,,,,,,,,,,,,,,,,15424,1,1,1
3,2,,,,,,,,,,,,,,,,,,,,,,,,,,,,,,,,,,,,15439,2,1,2
3,2,,,,,,,,,,,,,,,,,,,,,,,,,,,,,,,,,,,,15525,1,1,1
3,2,,,,,,,,,,,,,,,,,,,,,,,,,,,,,,,,,,,,15560,4,1,4
3,1,2,1,1,20000,1,2,,,,,,,,,1,,,2,,,2,2,2,2,2,2,2,2,2,2,2,2,2,2,2,15587,1,1,1
2,1,1,2,,,1,1,10000,DIEZ MIL PESOS,,,1,1,,,,,,2,,,2,2,2,2,2,2,2,2,2,2,2,2,2,2,2,15890,2,1,2
3,2,,,,,,,,,,,,,,,,,,,,,,,,,,,,,,,,,,,,16010,1,1,1
3,2,,,,,,,,,,,,,,,,,,,,,,,,,,,,,,,,,,,,16014,1,1,1
3,2,,,,,,,,,,,,,,,,,,,,,,,,,,,,,,,,,,,,16084,1,1,1
3,1,2,2,,,1,2,,,,,,1,,,,,,2,,,1,1,1,1,1,1,1,1,1,1,1,2,1,1,2,16119,3,1,3
3,1,1,2,,,01,1,5000,CINCO MIL,,,,1,,,,,,2,,,2,2,2,2,2,2,2,2,2,2,2,2,2,2,2,16206,4,1,4
3,1,3,2,,,02,1,10000,DIEZ MIL PESOS,,,,1,,,,,,2,,,2,2,2,2,2,1,2,2,2,2,2,2,2,2,1,16250,1,1,1
3,2,,,,,,,,,,,,,,,,,,,,,,,,,,,,,,,,,,,,16319,3,1,3
3,2,,,,,,,,,,,,,,,,,,,,,,,,,,,,,,,,,,,,16371,4,1,4
3,2,,,,,,,,,,,,,,,,,,,,,,,,,,,,,,,,,,,,16528,1,1,1
3,1,2,2,,,01,1,5000,CINCO MIL PESOS,,,,1,,,,,,2,,,1,1,2,1,2,2,2,2,2,2,2,2,2,2,2,16534,6,1,6
3,2,,,,,,,,,,,,,,,,,,,,,,,,,,,,,,,,,,,,16536,3,1,3
3,1,1,2,,,3,1,6000,SEIS MIL,,,1,,,,,,,2,,,2,2,2,2,2,2,2,2,2,2,2,2,2,2,2,16619,2,1,2
3,2,,,,,,,,,,,,,,,,,,,,,,,,,,,,,,,,,,,,16629,3,1,3
3,2,,,,,,,,,,,,,,,,,,,,,,,,,,,,,,,,,,,,16633,3,1,3
3,2,,,,,,,,,,,,,,,,,,,,,,,,,,,,,,,,,,,,16640,1,1,1
3,2,,,,,,,,,,,,,,,,,,,,,,,,,,,,,,,,,,,,16720,3,1,3
3,1,4,1,2,98,20,1,10000,DIEZ MIL PESOS COLOMBIANOS,,,,1,,,,,,2,,,2,1,2,2,2,2,2,2,2,2,1,2,2,2,1,16728,2,1,2
3,2,,,,,,,,,,,,,,,,,,,,,,,,,,,,,,,,,,,,16822,2,1,2
3,2,,,,,,,,,,,,,,,,,,,,,,,,,,,,,,,,,,,,17060,1,1,1
3,2,,,,,,,,,,,,,,,,,,,,,,,,,,,,,,,,,,,,17149,3,1,3
3,1,5,1,30,20000,01,1,5000,CINCO MIL PESOS,,,1,1,,,,,,2,,,1,1,1,1,1,1,1,1,2,2,1,2,1,1,1,17159,3,1,3
2,1,2,2,,,03,1,15000,QUINCE MIL,,,,,1,,,,,2,,,1,1,2,1,2,2,1,1,1,1,1,1,1,2,2,17176,3,1,3
3,2,,,,,,,,,,,,,,,,,,,,,,,,,,,,,,,,,,,,17197,2,1,2
3,2,,,,,,,,,,,,,,,,,,,,,,,,,,,,,,,,,,,,17235,4,1,4
3,2,,,,,,,,,,,,,,,,,,,,,,,,,,,,,,,,,,,,17240,5,1,5
3,2,,,,,,,,,,,,,,,,,,,,,,,,,,,,,,,,,,,,17252,4,1,4
3,2,,,,,,,,,,,,,,,,,,,,,,,,,,,,,,,,,,,,17255,2,1,2
3,2,,,,,,,,,,,,,,,,,,,,,,,,,,,,,,,,,,,,17349,1,1,1
3,2,,,,,,,,,,,,,,,,,,,,,,,,,,,,,,,,,,,,17382,1,1,1
3,2,,,,,,,,,,,,,,,,,,,,,,,,,,,,,,,,,,,,17649,4,1,4
3,2,,,,,,,,,,,,,,,,,,,,,,,,,,,,,,,,,,,,17653,4,1,4
3,2,,,,,,,,,,,,,,,,,,,,,,,,,,,,,,,,,,,,17756,1,1,1
3,2,,,,,,,,,,,,,,,,,,,,,,,,,,,,,,,,,,,,17849,2,1,2
3,1,3,1,1,10000,05,1,20000,VEINTE MIL,,,,1,,,,,,2,,,2,1,1,1,1,1,1,1,1,1,1,1,1,1,1,17933,3,1,3
3,2,,,,,,,,,,,,,,,,,,,,,,,,,,,,,,,,,,,,17995,1,1,1
3,2,,,,,,,,,,,,,,,,,,,,,,,,,,,,,,,,,,,,18128,2,1,2
3,1,3,1,5,40000,03,1,4000,CUATRO MIL,,,,1,,,,,,2,,,2,2,2,1,2,2,2,1,1,1,2,1,2,2,2,18151,4,1,4
3,2,,,,,,,,,,,,,,,,,,,,,,,,,,,,,,,,,,,,18159,2,1,2
3,2,,,,,,,,,,,,,,,,,,,,,,,,,,,,,,,,,,,,18342,1,1,1
2,1,2,2,,,01,2,,,,,,1,,,,,,2,,,2,2,2,2,2,2,2,2,2,2,1,2,2,2,2,18381,2,1,2
3,2,,,,,,,,,,,,,,,,,,,,,,,,,,,,,,,,,,,,18511,1,1,1
3,2,,,,,,,,,,,,,,,,,,,,,,,,,,,,,,,,,,,,18668,1,1,1
3,1,2,2,,,05,1,10000,DIEZ MIL PESOS,,,,1,,,,,,2,,,2,2,2,2,2,2,2,2,2,2,2,2,2,2,2,18791,1,1,1
3,2,,,,,,,,,,,,,,,,,,,,,,,,,,,,,,,,,,,,18828,1,1,1
3,1,2,1,10,7000,01,1,7000,SIETE MIL PESOS,,,,,,,,,1,2,,,1,1,1,1,2,1,1,1,1,1,1,1,1,1,1,18880,1,1,1
3,1,2,2,,,1,2,,,,,1,,,,,,,2,,,2,1,1,2,1,2,2,2,2,2,1,2,2,2,2,18905,2,1,2
3,1,3,1,10,45000,1,2,,,,,,1,,,,,,2,,,1,2,2,2,1,2,2,2,1,1,1,1,2,2,2,18928,3,1,3
3,1,2,1,3,15000,05,2,,,,,,1,,,,,,1,,1,1,1,1,1,1,2,2,2,2,2,1,2,2,2,1,18983,1,1,1
3,2,,,,,,,,,,,,,,,,,,,,,,,,,,,,,,,,,,,,19000,2,1,2
3,2,,,,,,,,,,,,,,,,,,,,,,,,,,,,,,,,,,,,19021,3,1,3
3,1,4,1,2,7000,02,2,,,,,,1,,,,,,2,,,2,2,2,2,1,2,2,2,2,2,2,2,2,2,2,19066,3,1,3
3,2,,,,,,,,,,,,,,,,,,,,,,,,,,,,,,,,,,,,19075,3,1,3
3,2,,,,,,,,,,,,,,,,,,,,,,,,,,,,,,,,,,,,19132,4,1,4
3,2,,,,,,,,,,,,,,,,,,,,,,,,,,,,,,,,,,,,19176,1,1,1
3,2,,,,,,,,,,,,,,,,,,,,,,,,,,,,,,,,,,,,19181,3,1,3
3,2,,,,,,,,,,,,,,,,,,,,,,,,,,,,,,,,,,,,19184,1,1,1
3,2,,,,,,,,,,,,,,,,,,,,,,,,,,,,,,,,,,,,19265,1,1,1
3,2,,,,,,,,,,,,,,,,,,,,,,,,,,,,,,,,,,,,19376,1,1,1
3,2,,,,,,,,,,,,,,,,,,,,,,,,,,,,,,,,,,,,19544,2,1,2
3,2,,,,,,,,,,,,,,,,,,,,,,,,,,,,,,,,,,,,19597,2,1,2
3,2,,,,,,,,,,,,,,,,,,,,,,,,,,,,,,,,,,,,19603,1,1,1
3,2,,,,,,,,,,,,,,,,,,,,,,,,,,,,,,,,,,,,19684,1,1,1
3,2,,,,,,,,,,,,,,,,,,,,,,,,,,,,,,,,,,,,19913,2,1,2
3,2,,,,,,,,,,,,,,,,,,,,,,,,,,,,,,,,,,,,19928,1,1,1
3,2,,,,,,,,,,,,,,,,,,,,,,,,,,,,,,,,,,,,20032,1,1,1
3,2,,,,,,,,,,,,,,,,,,,,,,,,,,,,,,,,,,,,20046,3,1,3
3,1,1,2,,,01,1,5000,CINCO MIL PESOS,,,,1,,,,,,2,,,2,2,2,2,2,1,1,2,2,2,2,2,2,2,1,20072,3,1,3
3,2,,,,,,,,,,,,,,,,,,,,,,,,,,,,,,,,,,,,20090,1,1,1
3,2,,,,,,,,,,,,,,,,,,,,,,,,,,,,,,,,,,,,20102,1,1,1
3,2,,,,,,,,,,,,,,,,,,,,,,,,,,,,,,,,,,,,20171,1,1,1
3,2,,,,,,,,,,,,,,,,,,,,,,,,,,,,,,,,,,,,20328,1,1,1
3,2,,,,,,,,,,,,,,,,,,,,,,,,,,,,,,,,,,,,20368,2,1,2
3,2,,,,,,,,,,,,,,,,,,,,,,,,,,,,,,,,,,,,20465,3,1,3
3,2,,,,,,,,,,,,,,,,,,,,,,,,,,,,,,,,,,,,20547,3,1,3
1,1,4,1,12,120000,15,1,40000,CUARENTA MIL PESOS,,,1,,,,,,,2,,,2,2,2,2,2,1,2,2,1,1,1,1,2,1,2,20630,1,1,1
3,2,,,,,,,,,,,,,,,,,,,,,,,,,,,,,,,,,,,,20638,1,1,1
3,1,2,1,7,100000,10,1,20000,VEINTE MIL PESOS,,,,1,,,,,,2,,,1,1,2,1,1,1,2,2,2,2,2,1,2,2,1,20689,2,1,2
3,1,3,1,1,20000,1,1,20000,VEINTE MIL,,,1,1,1,1,1,,,2,,,2,2,2,2,2,2,2,2,2,2,2,2,2,2,2,20775,1,1,1
3,1,3,1,5,75000,30,1,4000,CUATRO MIL PESOS GRAMO,,,1,,1,,,,,1,,1,2,1,1,1,1,2,1,2,2,2,2,1,2,2,2,20812,2,1,2
3,2,,,,,,,,,,,,,,,,,,,,,,,,,,,,,,,,,,,,20858,1,1,1
3,1,5,1,28,150000,12,1,10000,DIEZ MIL,,,1,1,,,,,,1,1,,1,1,1,1,1,1,1,1,1,1,1,1,1,1,1,20948,2,1,2
3,2,,,,,,,,,,,,,,,,,,,,,,,,,,,,,,,,,,,,21242,3,1,3
3,2,,,,,,,,,,,,,,,,,,,,,,,,,,,,,,,,,,,,21299,1,1,1
3,2,,,,,,,,,,,,,,,,,,,,,,,,,,,,,,,,,,,,21451,1,1,1
3,2,,,,,,,,,,,,,,,,,,,,,,,,,,,,,,,,,,,,21668,1,1,1
3,2,,,,,,,,,,,,,,,,,,,,,,,,,,,,,,,,,,,,21681,1,1,1
3,2,,,,,,,,,,,,,,,,,,,,,,,,,,,,,,,,,,,,21715,1,1,1
3,2,,,,,,,,,,,,,,,,,,,,,,,,,,,,,,,,,,,,21788,2,1,2
3,2,,,,,,,,,,,,,,,,,,,,,,,,,,,,,,,,,,,,21805,2,1,2
3,2,,,,,,,,,,,,,,,,,,,,,,,,,,,,,,,,,,,,21992,1,1,1
3,2,,,,,,,,,,,,,,,,,,,,,,,,,,,,,,,,,,,,22028,2,1,2
3,2,,,,,,,,,,,,,,,,,,,,,,,,,,,,,,,,,,,,22108,2,1,2
3,2,,,,,,,,,,,,,,,,,,,,,,,,,,,,,,,,,,,,22131,6,1,6
3,1,3,2,,,4,1,8000,OCHO MIL PESOS,,,1,,,,,,,2,,,2,1,1,1,2,2,2,1,1,2,2,2,2,2,1,22164,2,1,2
3,2,,,,,,,,,,,,,,,,,,,,,,,,,,,,,,,,,,,,22221,3,1,3
2,1,4,1,20,100000,30,1,15000,QUINCE MIL PESOS,,,,,1,,,,,2,,,2,2,2,2,2,1,2,2,2,2,1,2,2,2,1,22308,3,1,3
3,2,,,,,,,,,,,,,,,,,,,,,,,,,,,,,,,,,,,,22403,3,1,3
3,2,,,,,,,,,,,,,,,,,,,,,,,,,,,,,,,,,,,,22456,2,1,2
3,1,4,1,2,10000,02,1,10000,DIEZ MIL,,,1,1,,,,,,2,,,2,2,2,1,1,1,1,1,2,2,1,1,1,2,1,22476,1,1,1
3,1,3,1,2,15000,02,1,10000,DIEZ MIL PESOS,,,1,,,,,,,2,,,2,2,2,2,2,1,1,2,2,2,1,2,2,1,1,22500,1,1,1
3,2,,,,,,,,,,,,,,,,,,,,,,,,,,,,,,,,,,,,22610,1,1,1
3,1,4,1,20,20000,2,1,10000,DIEZ MIL PESOS,,,1,,,,,,,2,,,2,2,2,2,2,2,2,2,2,2,2,2,2,2,2,22671,3,1,3
3,2,,,,,,,,,,,,,,,,,,,,,,,,,,,,,,,,,,,,22756,1,1,1
3,2,,,,,,,,,,,,,,,,,,,,,,,,,,,,,,,,,,,,22758,1,1,1
3,2,,,,,,,,,,,,,,,,,,,,,,,,,,,,,,,,,,,,22822,1,1,1
3,1,2,1,1,10000,01,1,5000, CINCO MIL,,,,1,,,,,,2,,,2,2,2,2,2,2,2,2,2,2,2,2,2,2,2,22932,4,1,4
3,2,,,,,,,,,,,,,,,,,,,,,,,,,,,,,,,,,,,,22980,1,1,1
3,2,,,,,,,,,,,,,,,,,,,,,,,,,,,,,,,,,,,,23052,5,1,5
3,2,,,,,,,,,,,,,,,,,,,,,,,,,,,,,,,,,,,,23088,1,1,1
3,2,,,,,,,,,,,,,,,,,,,,,,,,,,,,,,,,,,,,23125,2,1,2
3,1,2,2,,,01,1,5000,CINCO MIL PESOS,,,1,,,,,,,2,,,2,2,1,1,2,2,2,2,1,1,2,1,2,2,2,23128,1,1,1
3,2,,,,,,,,,,,,,,,,,,,,,,,,,,,,,,,,,,,,23229,1,1,1
3,1,2,2,,,05,2,,,,,,1,,,,,,2,,,2,2,2,2,2,1,2,2,2,2,1,1,2,2,1,23264,2,1,2
3,2,,,,,,,,,,,,,,,,,,,,,,,,,,,,,,,,,,,,23316,4,1,4
3,2,,,,,,,,,,,,,,,,,,,,,,,,,,,,,,,,,,,,23351,1,1,1
3,2,,,,,,,,,,,,,,,,,,,,,,,,,,,,,,,,,,,,23380,1,1,1
3,2,,,,,,,,,,,,,,,,,,,,,,,,,,,,,,,,,,,,23432,2,1,2
3,2,,,,,,,,,,,,,,,,,,,,,,,,,,,,,,,,,,,,23466,1,1,1
3,2,,,,,,,,,,,,,,,,,,,,,,,,,,,,,,,,,,,,23469,3,1,3
3,2,,,,,,,,,,,,,,,,,,,,,,,,,,,,,,,,,,,,23477,4,1,4
3,2,,,,,,,,,,,,,,,,,,,,,,,,,,,,,,,,,,,,23562,2,1,2
3,2,,,,,,,,,,,,,,,,,,,,,,,,,,,,,,,,,,,,23597,1,1,1
3,2,,,,,,,,,,,,,,,,,,,,,,,,,,,,,,,,,,,,23602,1,1,1
3,2,,,,,,,,,,,,,,,,,,,,,,,,,,,,,,,,,,,,23604,3,1,3
3,2,,,,,,,,,,,,,,,,,,,,,,,,,,,,,,,,,,,,23845,1,1,1
3,2,,,,,,,,,,,,,,,,,,,,,,,,,,,,,,,,,,,,23848,3,1,3
3,2,,,,,,,,,,,,,,,,,,,,,,,,,,,,,,,,,,,,23859,1,1,1
3,2,,,,,,,,,,,,,,,,,,,,,,,,,,,,,,,,,,,,23896,1,1,1
3,2,,,,,,,,,,,,,,,,,,,,,,,,,,,,,,,,,,,,23953,1,1,1
3,2,,,,,,,,,,,,,,,,,,,,,,,,,,,,,,,,,,,,24036,2,1,2
3,2,,,,,,,,,,,,,,,,,,,,,,,,,,,,,,,,,,,,24037,1,1,1
1,1,4,1,4,24000,02,1,8000,OCHO MIL PESOS,,,1,,,,,,,2,,,1,2,2,1,2,2,1,1,1,1,1,1,2,1,1,24136,1,1,1
3,2,,,,,,,,,,,,,,,,,,,,,,,,,,,,,,,,,,,,24144,1,1,1
3,2,,,,,,,,,,,,,,,,,,,,,,,,,,,,,,,,,,,,24210,3,1,3
3,2,,,,,,,,,,,,,,,,,,,,,,,,,,,,,,,,,,,,24224,1,1,1
3,2,,,,,,,,,,,,,,,,,,,,,,,,,,,,,,,,,,,,24268,2,1,2
3,2,,,,,,,,,,,,,,,,,,,,,,,,,,,,,,,,,,,,24326,1,1,1
3,2,,,,,,,,,,,,,,,,,,,,,,,,,,,,,,,,,,,,24342,1,1,1
2,1,2,2,,,1,1,6000,SEIS MIL,,,1,,,,,,,2,,,1,2,2,1,2,2,2,2,2,2,2,2,2,2,1,24503,3,1,3
3,2,,,,,,,,,,,,,,,,,,,,,,,,,,,,,,,,,,,,24507,2,1,2
3,2,,,,,,,,,,,,,,,,,,,,,,,,,,,,,,,,,,,,24559,1,1,1
3,1,3,1,10,98,10,1,10000,DIEZ MIL PESOS,,,1,,,,,,,2,,,1,2,2,1,2,1,1,1,1,1,1,1,2,2,1,24594,2,1,2
3,2,,,,,,,,,,,,,,,,,,,,,,,,,,,,,,,,,,,,24632,1,1,1
3,2,,,,,,,,,,,,,,,,,,,,,,,,,,,,,,,,,,,,24752,1,1,1
3,1,2,2,,,1,1,10000,DIEZ MIL PESOS,,,,1,,,,,,2,,,2,2,2,2,2,2,2,2,2,2,1,2,2,2,1,25173,1,1,1
3,2,,,,,,,,,,,,,,,,,,,,,,,,,,,,,,,,,,,,25347,1,1,1
3,2,,,,,,,,,,,,,,,,,,,,,,,,,,,,,,,,,,,,25463,1,1,1
3,2,,,,,,,,,,,,,,,,,,,,,,,,,,,,,,,,,,,,25465,1,1,1
3,2,,,,,,,,,,,,,,,,,,,,,,,,,,,,,,,,,,,,25483,1,1,1
3,2,,,,,,,,,,,,,,,,,,,,,,,,,,,,,,,,,,,,25513,2,1,2
3,1,1,2,,,02,1,10000,DIEZ MIL PESOS,,,,1,,,,,,2,,,2,2,2,2,2,2,2,2,2,2,2,2,2,2,2,25552,2,1,2
3,2,,,,,,,,,,,,,,,,,,,,,,,,,,,,,,,,,,,,25635,1,1,1
3,2,,,,,,,,,,,,,,,,,,,,,,,,,,,,,,,,,,,,25636,1,1,1
3,2,,,,,,,,,,,,,,,,,,,,,,,,,,,,,,,,,,,,25699,1,1,1
3,2,,,,,,,,,,,,,,,,,,,,,,,,,,,,,,,,,,,,25793,1,1,1
3,2,,,,,,,,,,,,,,,,,,,,,,,,,,,,,,,,,,,,25808,1,1,1
3,2,,,,,,,,,,,,,,,,,,,,,,,,,,,,,,,,,,,,25978,1,1,1
3,2,,,,,,,,,,,,,,,,,,,,,,,,,,,,,,,,,,,,26043,1,1,1
3,2,,,,,,,,,,,,,,,,,,,,,,,,,,,,,,,,,,,,26081,1,1,1
3,2,,,,,,,,,,,,,,,,,,,,,,,,,,,,,,,,,,,,26142,1,1,1
3,2,,,,,,,,,,,,,,,,,,,,,,,,,,,,,,,,,,,,26239,1,1,1
3,1,2,2,,,1,1,30000,TREINTA MIL PESOS,,,1,,,,,,,2,,,2,2,2,2,2,2,2,2,2,2,2,2,2,2,2,26250,2,1,2
3,2,,,,,,,,,,,,,,,,,,,,,,,,,,,,,,,,,,,,26251,2,1,2
3,2,,,,,,,,,,,,,,,,,,,,,,,,,,,,,,,,,,,,26498,1,1,1
3,1,1,2,,,1,2,,,,,,1,,,,,,2,,,2,2,2,2,2,2,2,2,2,2,2,2,2,2,2,26707,1,1,1
3,2,,,,,,,,,,,,,,,,,,,,,,,,,,,,,,,,,,,,26713,4,1,4
3,2,,,,,,,,,,,,,,,,,,,,,,,,,,,,,,,,,,,,26720,1,1,1
3,2,,,,,,,,,,,,,,,,,,,,,,,,,,,,,,,,,,,,26793,1,1,1
3,2,,,,,,,,,,,,,,,,,,,,,,,,,,,,,,,,,,,,26816,3,1,3
3,2,,,,,,,,,,,,,,,,,,,,,,,,,,,,,,,,,,,,26840,1,1,1
3,2,,,,,,,,,,,,,,,,,,,,,,,,,,,,,,,,,,,,26871,1,1,1
3,1,1,2,,,3,1,10000,DIEZ MIL PESOS,,,,1,,,,,,2,,,2,2,2,2,2,2,2,2,2,2,2,2,2,2,2,26959,3,1,3
9,2,,,,,,,,,,,,,,,,,,,,,,,,,,,,,,,,,,,,27077,1,1,1
3,2,,,,,,,,,,,,,,,,,,,,,,,,,,,,,,,,,,,,27155,5,1,5
3,2,,,,,,,,,,,,,,,,,,,,,,,,,,,,,,,,,,,,27351,1,1,1
3,2,,,,,,,,,,,,,,,,,,,,,,,,,,,,,,,,,,,,27565,1,1,1
3,2,,,,,,,,,,,,,,,,,,,,,,,,,,,,,,,,,,,,27716,1,1,1
3,2,,,,,,,,,,,,,,,,,,,,,,,,,,,,,,,,,,,,27872,4,1,4
3,2,,,,,,,,,,,,,,,,,,,,,,,,,,,,,,,,,,,,27876,1,1,1
3,2,,,,,,,,,,,,,,,,,,,,,,,,,,,,,,,,,,,,27893,1,1,1
3,1,1,2,,,01,1,6000,SEIS MIL PESOS,,,1,,,,,,,2,,,2,1,1,1,1,1,2,2,1,1,1,2,2,1,2,28017,2,1,2
3,2,,,,,,,,,,,,,,,,,,,,,,,,,,,,,,,,,,,,28160,1,1,1
3,1,2,2,,,2,1,10000,DIEZ MIL PESOS,,,1,,,,,,,2,,,2,2,2,2,2,2,2,2,2,2,2,2,2,2,2,28161,1,1,1
3,2,,,,,,,,,,,,,,,,,,,,,,,,,,,,,,,,,,,,28242,1,1,1
3,2,,,,,,,,,,,,,,,,,,,,,,,,,,,,,,,,,,,,28254,1,1,1
3,2,,,,,,,,,,,,,,,,,,,,,,,,,,,,,,,,,,,,28303,1,1,1
3,2,,,,,,,,,,,,,,,,,,,,,,,,,,,,,,,,,,,,28321,1,1,1
3,2,,,,,,,,,,,,,,,,,,,,,,,,,,,,,,,,,,,,28370,2,1,2
3,2,,,,,,,,,,,,,,,,,,,,,,,,,,,,,,,,,,,,28538,1,1,1
9,9,,,,,,,,,,,,,,,,,,,,,,,,,,,,,,,,,,,,28705,1,1,1
3,2,,,,,,,,,,,,,,,,,,,,,,,,,,,,,,,,,,,,28714,1,1,1
3,2,,,,,,,,,,,,,,,,,,,,,,,,,,,,,,,,,,,,28763,4,1,4
3,2,,,,,,,,,,,,,,,,,,,,,,,,,,,,,,,,,,,,28781,1,1,1
3,1,4,1,8,150000,30,1,10000,DIEZ MIL PESOS,,,1,,,,,,,2,,,1,1,1,1,1,2,2,2,1,1,1,1,1,1,1,28803,3,1,3
3,2,,,,,,,,,,,,,,,,,,,,,,,,,,,,,,,,,,,,28861,1,1,1
3,2,,,,,,,,,,,,,,,,,,,,,,,,,,,,,,,,,,,,28919,1,1,1
3,2,,,,,,,,,,,,,,,,,,,,,,,,,,,,,,,,,,,,29051,1,1,1
3,2,,,,,,,,,,,,,,,,,,,,,,,,,,,,,,,,,,,,29153,1,1,1
3,2,,,,,,,,,,,,,,,,,,,,,,,,,,,,,,,,,,,,29259,1,1,1
3,1,3,1,3,30000,03,1,10000,DIEZ MIL PESOS COLOMBIANO,,,,1,,,,,,2,,,2,2,2,2,2,1,1,2,2,2,1,2,1,2,1,29395,1,1,1
3,2,,,,,,,,,,,,,,,,,,,,,,,,,,,,,,,,,,,,29421,1,1,1
3,2,,,,,,,,,,,,,,,,,,,,,,,,,,,,,,,,,,,,29429,1,1,1
3,2,,,,,,,,,,,,,,,,,,,,,,,,,,,,,,,,,,,,29452,1,1,1
3,2,,,,,,,,,,,,,,,,,,,,,,,,,,,,,,,,,,,,29457,1,1,1
3,2,,,,,,,,,,,,,,,,,,,,,,,,,,,,,,,,,,,,29472,1,1,1
3,2,,,,,,,,,,,,,,,,,,,,,,,,,,,,,,,,,,,,29591,1,1,1
3,1,3,1,1,20000,03,1,20000,VEINTE MIL PESOS,,,,1,,,,,,2,,,2,2,2,2,2,2,2,2,2,2,2,2,2,2,2,29784,1,1,1
3,2,,,,,,,,,,,,,,,,,,,,,,,,,,,,,,,,,,,,29913,1,1,1
9,1,3,2,,,3,1,8000,OCHO MIL PESOS,,,1,,,,,,,2,,,2,2,2,2,2,2,2,2,2,2,2,2,2,2,2,30040,2,1,2
3,2,,,,,,,,,,,,,,,,,,,,,,,,,,,,,,,,,,,,30076,4,1,4
3,2,,,,,,,,,,,,,,,,,,,,,,,,,,,,,,,,,,,,30255,1,1,1
3,1,2,2,,,1,2,,,,,,1,,,,,,2,,,2,2,2,2,2,2,2,1,2,2,2,2,2,2,2,30314,3,1,3
3,2,,,,,,,,,,,,,,,,,,,,,,,,,,,,,,,,,,,,30396,3,1,3
3,2,,,,,,,,,,,,,,,,,,,,,,,,,,,,,,,,,,,,30405,2,1,2
3,2,,,,,,,,,,,,,,,,,,,,,,,,,,,,,,,,,,,,30448,1,1,1
3,2,,,,,,,,,,,,,,,,,,,,,,,,,,,,,,,,,,,,30526,2,1,2
3,2,,,,,,,,,,,,,,,,,,,,,,,,,,,,,,,,,,,,30619,2,1,2
2,2,,,,,,,,,,,,,,,,,,,,,,,,,,,,,,,,,,,,30757,1,1,1
3,2,,,,,,,,,,,,,,,,,,,,,,,,,,,,,,,,,,,,30911,1,1,1
3,1,3,2,,,01,1,10000,DIEZ MIL PESOS,,,1,,,,,,,2,,,2,2,2,1,2,2,2,2,2,2,1,2,2,2,2,30927,2,1,2
3,2,,,,,,,,,,,,,,,,,,,,,,,,,,,,,,,,,,,,31037,1,1,1
3,2,,,,,,,,,,,,,,,,,,,,,,,,,,,,,,,,,,,,31055,2,1,2
3,1,5,2,,,30,1,10000,DIEZ MIL,,,1,,1,,,,,2,,,1,1,1,1,1,1,1,1,1,1,1,1,1,1,1,31098,2,1,2
3,2,,,,,,,,,,,,,,,,,,,,,,,,,,,,,,,,,,,,31125,1,1,1
3,2,,,,,,,,,,,,,,,,,,,,,,,,,,,,,,,,,,,,31126,3,1,3
3,2,,,,,,,,,,,,,,,,,,,,,,,,,,,,,,,,,,,,31205,1,1,1
3,2,,,,,,,,,,,,,,,,,,,,,,,,,,,,,,,,,,,,31291,1,1,1
3,1,4,1,2,98,3,2,,,,,,1,,,,,,2,,,1,1,1,1,1,1,1,2,2,2,2,2,2,2,2,31298,4,1,4
3,2,,,,,,,,,,,,,,,,,,,,,,,,,,,,,,,,,,,,31462,1,1,1
3,2,,,,,,,,,,,,,,,,,,,,,,,,,,,,,,,,,,,,31523,6,1,6
3,2,,,,,,,,,,,,,,,,,,,,,,,,,,,,,,,,,,,,31524,2,1,2
1,1,1,1,1,30000,10,1,10000,DIEZ MIL PESOS,,,1,,,,,,,2,,,2,1,1,1,1,1,1,1,1,1,1,1,1,2,1,31585,3,1,3
3,1,4,1,20,50000,20,2,,,,,1,1,,,,,,2,,,1,1,1,2,2,2,2,2,2,2,2,2,2,2,2,31723,2,1,2
3,2,,,,,,,,,,,,,,,,,,,,,,,,,,,,,,,,,,,,31728,2,1,2
1,1,3,1,2,3000,01,1,6000,SEIS MIL PESOS,,,,,,1,,,,2,,,2,2,2,2,2,2,2,2,2,2,2,2,2,2,2,31820,1,1,1
3,2,,,,,,,,,,,,,,,,,,,,,,,,,,,,,,,,,,,,31853,3,1,3
3,2,,,,,,,,,,,,,,,,,,,,,,,,,,,,,,,,,,,,31888,3,1,3
3,2,,,,,,,,,,,,,,,,,,,,,,,,,,,,,,,,,,,,31893,1,1,1
3,2,,,,,,,,,,,,,,,,,,,,,,,,,,,,,,,,,,,,32003,1,1,1
3,2,,,,,,,,,,,,,,,,,,,,,,,,,,,,,,,,,,,,32013,4,1,4
3,1,2,2,,,1,1,17000,DIECISIETE MIL PESOS,,,,,,,1,,,2,,,2,2,2,2,1,2,2,2,2,2,1,2,2,2,2,32028,1,1,1
3,2,,,,,,,,,,,,,,,,,,,,,,,,,,,,,,,,,,,,32100,1,1,1
3,2,,,,,,,,,,,,,,,,,,,,,,,,,,,,,,,,,,,,32102,1,1,1
3,2,,,,,,,,,,,,,,,,,,,,,,,,,,,,,,,,,,,,32295,1,1,1
3,2,,,,,,,,,,,,,,,,,,,,,,,,,,,,,,,,,,,,32308,1,1,1
3,1,1,2,,,01,1,6000,SEIS MIL PESOS,,,1,,,,,,,2,,,2,2,2,2,2,2,2,2,2,2,2,2,2,2,2,32359,2,1,2
3,2,,,,,,,,,,,,,,,,,,,,,,,,,,,,,,,,,,,,32376,1,1,1
3,2,,,,,,,,,,,,,,,,,,,,,,,,,,,,,,,,,,,,32479,1,1,1
3,2,,,,,,,,,,,,,,,,,,,,,,,,,,,,,,,,,,,,32562,1,1,1
3,2,,,,,,,,,,,,,,,,,,,,,,,,,,,,,,,,,,,,32697,1,1,1
3,2,,,,,,,,,,,,,,,,,,,,,,,,,,,,,,,,,,,,32736,1,1,1
3,2,,,,,,,,,,,,,,,,,,,,,,,,,,,,,,,,,,,,32825,3,1,3
3,1,3,1,4,20000,04,1,5000,CINCO MIL,,,,,,,1,,,2,,,2,2,2,2,2,1,1,2,2,2,2,2,2,2,2,32933,1,1,1
3,2,,,,,,,,,,,,,,,,,,,,,,,,,,,,,,,,,,,,33053,3,1,3
3,2,,,,,,,,,,,,,,,,,,,,,,,,,,,,,,,,,,,,33078,2,1,2
3,1,4,1,27,50000,10,1,5000,CINCO MIL PESOS,,,1,,,,,,,2,,,2,2,2,1,1,1,1,1,2,2,2,1,1,2,1,33150,4,1,4
3,1,4,1,8,50000,08,1,5000,CINCO MIL PESOS,,,1,1,,1,,,,2,,,1,2,2,1,2,2,1,1,1,1,1,2,1,2,2,33290,5,1,5
1,1,9,1,30,98,50,1,5000,CINCO MIL PESOS,,,1,1,,1,,,,2,,,2,1,1,2,2,2,1,1,1,1,1,1,1,2,1,33313,3,1,3
3,2,,,,,,,,,,,,,,,,,,,,,,,,,,,,,,,,,,,,33442,1,1,1
3,2,,,,,,,,,,,,,,,,,,,,,,,,,,,,,,,,,,,,33503,1,1,1
3,2,,,,,,,,,,,,,,,,,,,,,,,,,,,,,,,,,,,,33522,2,1,2
3,2,,,,,,,,,,,,,,,,,,,,,,,,,,,,,,,,,,,,33535,1,1,1
3,1,2,1,2,70000,10,1,10000,DIEZ MIL PESOS,,,1,,,,,,,2,,,2,2,2,2,2,2,2,2,2,2,2,2,2,2,2,33549,1,1,1
3,2,,,,,,,,,,,,,,,,,,,,,,,,,,,,,,,,,,,,33589,1,1,1
3,1,2,2,,,01,1,10000,DIEZ MIL,,,1,,,,,,,2,,,2,2,2,2,2,2,2,2,2,2,2,2,2,2,2,33594,3,1,3
3,2,,,,,,,,,,,,,,,,,,,,,,,,,,,,,,,,,,,,33631,1,1,1
3,2,,,,,,,,,,,,,,,,,,,,,,,,,,,,,,,,,,,,33654,2,1,2
3,2,,,,,,,,,,,,,,,,,,,,,,,,,,,,,,,,,,,,33684,1,1,1
3,2,,,,,,,,,,,,,,,,,,,,,,,,,,,,,,,,,,,,33730,4,1,4
3,2,,,,,,,,,,,,,,,,,,,,,,,,,,,,,,,,,,,,33768,2,1,2
2,1,2,2,,,2,1,10000,DIEZ MIL,,,,1,,,,,,2,,,2,2,2,2,2,2,2,2,2,2,2,1,2,2,2,33853,1,1,1
3,2,,,,,,,,,,,,,,,,,,,,,,,,,,,,,,,,,,,,34121,2,1,2
3,2,,,,,,,,,,,,,,,,,,,,,,,,,,,,,,,,,,,,34200,2,1,2
3,2,,,,,,,,,,,,,,,,,,,,,,,,,,,,,,,,,,,,34387,4,1,4
3,1,2,1,1,10000,01,1,10000,DIEZ M IL PESOS,,,,1,,,,,,2,,,2,2,2,2,2,2,2,2,2,2,2,2,2,2,2,34424,2,1,2
3,2,,,,,,,,,,,,,,,,,,,,,,,,,,,,,,,,,,,,34561,5,1,5
3,2,,,,,,,,,,,,,,,,,,,,,,,,,,,,,,,,,,,,34562,3,1,3
3,1,2,2,,,01,2,,,,,,1,,,,,,2,,,2,2,2,2,2,2,2,2,2,2,2,2,2,2,2,34624,3,1,3
3,2,,,,,,,,,,,,,,,,,,,,,,,,,,,,,,,,,,,,34654,2,1,2
3,2,,,,,,,,,,,,,,,,,,,,,,,,,,,,,,,,,,,,34682,1,1,1
3,2,,,,,,,,,,,,,,,,,,,,,,,,,,,,,,,,,,,,34688,4,1,4
3,2,,,,,,,,,,,,,,,,,,,,,,,,,,,,,,,,,,,,34691,2,1,2
3,2,,,,,,,,,,,,,,,,,,,,,,,,,,,,,,,,,,,,34697,1,1,1
2,1,2,1,1,20000,01,1,20000,VEINTE MIL,,,,,1,,,,,2,,,2,2,2,1,2,2,1,2,2,2,1,2,2,2,1,34718,1,1,1
3,2,,,,,,,,,,,,,,,,,,,,,,,,,,,,,,,,,,,,34916,1,1,1
3,2,,,,,,,,,,,,,,,,,,,,,,,,,,,,,,,,,,,,35029,3,1,3
3,2,,,,,,,,,,,,,,,,,,,,,,,,,,,,,,,,,,,,35035,2,1,2
3,2,,,,,,,,,,,,,,,,,,,,,,,,,,,,,,,,,,,,35077,3,1,3
3,2,,,,,,,,,,,,,,,,,,,,,,,,,,,,,,,,,,,,35160,1,1,1
3,2,,,,,,,,,,,,,,,,,,,,,,,,,,,,,,,,,,,,35170,3,1,3
3,2,,,,,,,,,,,,,,,,,,,,,,,,,,,,,,,,,,,,35635,1,1,1
3,2,,,,,,,,,,,,,,,,,,,,,,,,,,,,,,,,,,,,35718,1,1,1
3,2,,,,,,,,,,,,,,,,,,,,,,,,,,,,,,,,,,,,35733,1,1,1
3,2,,,,,,,,,,,,,,,,,,,,,,,,,,,,,,,,,,,,35997,1,1,1
3,2,,,,,,,,,,,,,,,,,,,,,,,,,,,,,,,,,,,,36041,2,1,2
3,2,,,,,,,,,,,,,,,,,,,,,,,,,,,,,,,,,,,,36148,2,1,2
3,2,,,,,,,,,,,,,,,,,,,,,,,,,,,,,,,,,,,,36156,1,1,1
3,1,1,2,,,10,1,7000,SIETE MIL PESOS,,,,1,,,,,,2,,,2,2,2,2,2,2,2,2,2,2,2,2,2,2,2,36182,3,1,3
9,2,,,,,,,,,,,,,,,,,,,,,,,,,,,,,,,,,,,,36315,1,1,1
3,2,,,,,,,,,,,,,,,,,,,,,,,,,,,,,,,,,,,,36432,2,1,2
3,9,,,,,,,,,,,,,,,,,,,,,,,,,,,,,,,,,,,,36513,1,1,1
3,2,,,,,,,,,,,,,,,,,,,,,,,,,,,,,,,,,,,,36530,3,1,3
3,2,,,,,,,,,,,,,,,,,,,,,,,,,,,,,,,,,,,,36822,2,1,2
3,2,,,,,,,,,,,,,,,,,,,,,,,,,,,,,,,,,,,,36830,1,1,1
3,2,,,,,,,,,,,,,,,,,,,,,,,,,,,,,,,,,,,,36843,1,1,1
3,2,,,,,,,,,,,,,,,,,,,,,,,,,,,,,,,,,,,,36935,3,1,3
3,2,,,,,,,,,,,,,,,,,,,,,,,,,,,,,,,,,,,,37014,1,1,1
3,2,,,,,,,,,,,,,,,,,,,,,,,,,,,,,,,,,,,,37025,1,1,1
3,2,,,,,,,,,,,,,,,,,,,,,,,,,,,,,,,,,,,,37043,2,1,2
3,1,3,1,4,100000,40,1,5000,CINCO MIL,,,1,1,,1,,,,2,,,1,2,1,1,1,1,1,1,1,1,1,1,1,2,1,37090,1,1,1
3,2,,,,,,,,,,,,,,,,,,,,,,,,,,,,,,,,,,,,37201,1,1,1
3,2,,,,,,,,,,,,,,,,,,,,,,,,,,,,,,,,,,,,37361,3,1,3
3,2,,,,,,,,,,,,,,,,,,,,,,,,,,,,,,,,,,,,37366,1,1,1
3,2,,,,,,,,,,,,,,,,,,,,,,,,,,,,,,,,,,,,37428,1,1,1
3,2,,,,,,,,,,,,,,,,,,,,,,,,,,,,,,,,,,,,37457,2,1,2
9,2,,,,,,,,,,,,,,,,,,,,,,,,,,,,,,,,,,,,37570,5,1,5
3,2,,,,,,,,,,,,,,,,,,,,,,,,,,,,,,,,,,,,37594,1,1,1
3,2,,,,,,,,,,,,,,,,,,,,,,,,,,,,,,,,,,,,37659,5,1,5
3,2,,,,,,,,,,,,,,,,,,,,,,,,,,,,,,,,,,,,37723,1,1,1
1,1,3,1,2,20000,01,1,20000,VEINTEMIL PESOS,,,,,1,,,,,2,,,2,2,2,2,2,2,2,2,2,2,2,2,2,2,1,37808,1,1,1
3,2,,,,,,,,,,,,,,,,,,,,,,,,,,,,,,,,,,,,37822,1,1,1
3,2,,,,,,,,,,,,,,,,,,,,,,,,,,,,,,,,,,,,37857,1,1,1
3,2,,,,,,,,,,,,,,,,,,,,,,,,,,,,,,,,,,,,37922,2,1,2
3,2,,,,,,,,,,,,,,,,,,,,,,,,,,,,,,,,,,,,38117,3,1,3
3,2,,,,,,,,,,,,,,,,,,,,,,,,,,,,,,,,,,,,38155,1,1,1
3,2,,,,,,,,,,,,,,,,,,,,,,,,,,,,,,,,,,,,38265,1,1,1
3,1,4,1,8,50000,4,1,10000,DIEZ MIL PESOS,,,1,,1,,,,,2,,,1,1,1,1,1,1,1,1,1,1,1,1,1,1,1,38563,3,1,3
1,2,,,,,,,,,,,,,,,,,,,,,,,,,,,,,,,,,,,,38746,2,1,2
3,1,2,1,2,25000,25,1,4000,CUATRO MIL PESOS,,,,1,,,,,,2,,,1,1,1,1,1,1,1,1,1,1,1,1,1,1,1,38790,3,1,3
3,2,,,,,,,,,,,,,,,,,,,,,,,,,,,,,,,,,,,,38792,1,1,1
3,2,,,,,,,,,,,,,,,,,,,,,,,,,,,,,,,,,,,,38814,1,1,1
2,1,1,2,,,1,2,,,,,,1,,,,,,2,,,2,2,2,2,2,2,2,2,2,2,1,2,2,2,1,38827,4,1,4
3,2,,,,,,,,,,,,,,,,,,,,,,,,,,,,,,,,,,,,39074,1,1,1
1,1,4,1,4,20000,04,1,5000,CINCO MIL PESOS,,,,1,,,,,,2,,,2,2,2,1,2,2,2,2,2,2,1,1,2,2,2,39076,1,1,1
3,2,,,,,,,,,,,,,,,,,,,,,,,,,,,,,,,,,,,,39104,2,1,2
3,1,1,1,1,3000,01,2,,,,,,1,,,,,,2,,,2,2,2,2,2,2,2,2,2,2,2,2,2,2,2,39122,1,1,1
3,1,9,1,5,100000,10,1,10000,DIEZ MIL PESOS,,,,1,1,,,,,2,,,2,2,2,2,2,2,2,2,2,2,2,2,2,2,2,39145,1,1,1
3,2,,,,,,,,,,,,,,,,,,,,,,,,,,,,,,,,,,,,39241,1,1,1
3,2,,,,,,,,,,,,,,,,,,,,,,,,,,,,,,,,,,,,39286,1,1,1
3,2,,,,,,,,,,,,,,,,,,,,,,,,,,,,,,,,,,,,39428,1,1,1
3,1,4,1,15,30000,09,1,4000,CUATRO MIL PESOS HASTA CINCO MIL PESOS,,,1,,,,,,,2,,,2,2,2,2,1,2,1,2,1,2,2,2,2,1,1,39509,2,1,2
3,2,,,,,,,,,,,,,,,,,,,,,,,,,,,,,,,,,,,,39589,1,1,1
3,2,,,,,,,,,,,,,,,,,,,,,,,,,,,,,,,,,,,,39706,3,1,3
3,2,,,,,,,,,,,,,,,,,,,,,,,,,,,,,,,,,,,,39741,9,1,9
3,2,,,,,,,,,,,,,,,,,,,,,,,,,,,,,,,,,,,,39826,2,1,2
3,2,,,,,,,,,,,,,,,,,,,,,,,,,,,,,,,,,,,,39829,1,1,1
3,1,3,2,,,30,1,5000,CINCO MIL PESOS,,,1,1,,,,,,2,,,1,2,2,1,1,2,2,2,2,2,1,2,2,2,2,39839,2,1,2
3,2,,,,,,,,,,,,,,,,,,,,,,,,,,,,,,,,,,,,39880,2,1,2
3,2,,,,,,,,,,,,,,,,,,,,,,,,,,,,,,,,,,,,39898,3,1,3
3,2,,,,,,,,,,,,,,,,,,,,,,,,,,,,,,,,,,,,39935,1,1,1
3,2,,,,,,,,,,,,,,,,,,,,,,,,,,,,,,,,,,,,40051,6,1,6
3,2,,,,,,,,,,,,,,,,,,,,,,,,,,,,,,,,,,,,40057,3,1,3
3,1,4,1,8,24000,8,1,6000,SEIS MIL PESOS,,,1,,,,,,,2,,,2,2,2,2,2,1,2,2,2,2,2,2,2,2,2,40089,2,1,2
3,2,,,,,,,,,,,,,,,,,,,,,,,,,,,,,,,,,,,,40154,1,1,1
3,2,,,,,,,,,,,,,,,,,,,,,,,,,,,,,,,,,,,,40518,2,1,2
3,2,,,,,,,,,,,,,,,,,,,,,,,,,,,,,,,,,,,,40524,1,1,1
1,2,,,,,,,,,,,,,,,,,,,,,,,,,,,,,,,,,,,,40550,1,1,1
3,1,3,1,2,20000,05,1,6000,SEIS MIL PESOS,,,1,,,,,,,2,,,2,2,2,2,2,2,2,2,2,2,2,2,2,2,2,40667,1,1,1
1,1,5,1,29,160000,40,1,5000,CINCO MIL,,,1,,,,,,,2,,,2,2,2,2,2,1,1,1,1,1,1,1,1,1,1,40680,2,1,2
3,2,,,,,,,,,,,,,,,,,,,,,,,,,,,,,,,,,,,,40682,1,1,1
3,1,1,1,5,10000,2,1,5000,CINCO MIL,,,1,1,,,,,,2,,,2,2,2,2,2,2,2,2,2,2,2,2,2,2,2,40705,1,1,1
3,1,4,1,3,30000,04,2,,,,,,1,,,,,,2,,,2,2,2,1,2,1,2,2,1,2,1,1,2,2,1,40726,6,1,6
3,1,2,2,,,1,2,,,,,,,,1,,,,2,,,2,2,2,2,2,2,2,2,2,2,2,2,2,2,2,40770,1,1,1
3,2,,,,,,,,,,,,,,,,,,,,,,,,,,,,,,,,,,,,40832,3,1,3
3,2,,,,,,,,,,,,,,,,,,,,,,,,,,,,,,,,,,,,40888,1,1,1
3,2,,,,,,,,,,,,,,,,,,,,,,,,,,,,,,,,,,,,40922,2,1,2
3,2,,,,,,,,,,,,,,,,,,,,,,,,,,,,,,,,,,,,40938,1,1,1
3,1,4,1,99,160000,10,1,10000,DIEZ MIL,,,1,,,,,,,2,,,1,1,1,1,1,2,2,2,2,1,2,2,2,2,2,40950,2,1,2
3,2,,,,,,,,,,,,,,,,,,,,,,,,,,,,,,,,,,,,40995,2,1,2
3,2,,,,,,,,,,,,,,,,,,,,,,,,,,,,,,,,,,,,41181,1,1,1
3,1,4,1,4,98,12,1,5000,CINCO MIL PESOS,,,,1,,,,,,2,,,2,2,2,2,2,2,2,2,2,2,2,2,2,2,2,41385,1,1,1
3,2,,,,,,,,,,,,,,,,,,,,,,,,,,,,,,,,,,,,41621,1,1,1
2,1,1,2,,,01,2,,,,,,1,,,,,,2,,,2,2,2,2,2,2,2,2,2,2,2,2,2,2,2,41674,3,1,3
3,2,,,,,,,,,,,,,,,,,,,,,,,,,,,,,,,,,,,,41781,1,1,1
3,1,2,2,,,01,1,10000,DIEZ MIL PESOS,,,,1,,,,,,2,,,2,1,2,1,1,1,1,2,1,1,2,2,2,2,2,41795,2,1,2
3,2,,,,,,,,,,,,,,,,,,,,,,,,,,,,,,,,,,,,41801,1,1,1
3,2,,,,,,,,,,,,,,,,,,,,,,,,,,,,,,,,,,,,41819,1,1,1
3,2,,,,,,,,,,,,,,,,,,,,,,,,,,,,,,,,,,,,41912,3,1,3
3,2,,,,,,,,,,,,,,,,,,,,,,,,,,,,,,,,,,,,41915,1,1,1
3,1,3,1,2,15000,2,1,7000,SIETE MIL,,,,,,,1,,,2,,,2,2,2,2,2,2,2,2,2,2,2,1,2,2,1,41940,1,1,1
3,2,,,,,,,,,,,,,,,,,,,,,,,,,,,,,,,,,,,,41957,2,1,2
3,2,,,,,,,,,,,,,,,,,,,,,,,,,,,,,,,,,,,,42111,3,1,3
3,1,4,1,5,60000,20,1,4000,CUATRO MIL PESOS,,,1,,,,,,,2,,,2,2,2,2,2,2,2,2,2,2,2,2,2,2,2,42302,1,1,1
3,2,,,,,,,,,,,,,,,,,,,,,,,,,,,,,,,,,,,,42617,1,1,1
3,2,,,,,,,,,,,,,,,,,,,,,,,,,,,,,,,,,,,,42659,4,1,4
3,2,,,,,,,,,,,,,,,,,,,,,,,,,,,,,,,,,,,,42723,1,1,1
3,2,,,,,,,,,,,,,,,,,,,,,,,,,,,,,,,,,,,,42740,1,1,1
3,2,,,,,,,,,,,,,,,,,,,,,,,,,,,,,,,,,,,,42890,1,1,1
3,2,,,,,,,,,,,,,,,,,,,,,,,,,,,,,,,,,,,,42971,1,1,1
3,2,,,,,,,,,,,,,,,,,,,,,,,,,,,,,,,,,,,,43067,3,1,3
3,1,4,1,12,120000,12,1,10000,DIEZ MIL PESOS,,,1,,1,,,,,2,,,1,1,2,1,2,1,1,1,1,1,1,1,1,1,1,43128,1,1,1
3,2,,,,,,,,,,,,,,,,,,,,,,,,,,,,,,,,,,,,43152,1,1,1
3,2,,,,,,,,,,,,,,,,,,,,,,,,,,,,,,,,,,,,43211,1,1,1
3,1,3,2,,,1,1,20000,VEINTE MIL PESOS,,,,1,,,,,,2,,,2,2,1,2,2,2,2,2,2,2,2,2,2,2,2,43266,1,1,1
3,2,,,,,,,,,,,,,,,,,,,,,,,,,,,,,,,,,,,,43286,1,1,1
3,1,1,2,,,01,1,20000,VEINTE MIL PESOS,,,,,,,1,,,2,,,2,2,2,2,2,2,2,2,2,2,2,2,2,2,2,43389,1,1,1
3,2,,,,,,,,,,,,,,,,,,,,,,,,,,,,,,,,,,,,43395,1,1,1
3,1,2,1,1,20000,05,1,5000,cinco mil pesos,,,,1,,,,,,2,,,1,1,2,1,2,1,1,2,1,1,1,1,1,1,2,43438,1,1,1
3,2,,,,,,,,,,,,,,,,,,,,,,,,,,,,,,,,,,,,43530,1,1,1
3,2,,,,,,,,,,,,,,,,,,,,,,,,,,,,,,,,,,,,43544,1,1,1
3,2,,,,,,,,,,,,,,,,,,,,,,,,,,,,,,,,,,,,43589,2,1,2
3,1,3,2,,,4,1,10000,DIEZ MIL,,,,1,,,,,,2,,,2,2,2,2,2,2,2,2,2,2,2,2,2,2,2,43646,4,1,4
3,1,1,2,,,01,1,8000,OCHO MIL PESOS,,,,1,,,,,,2,,,2,2,2,2,2,2,2,2,2,2,2,2,2,2,2,43709,2,1,2
3,2,,,,,,,,,,,,,,,,,,,,,,,,,,,,,,,,,,,,43782,1,1,1
3,2,,,,,,,,,,,,,,,,,,,,,,,,,,,,,,,,,,,,43843,4,1,4
3,2,,,,,,,,,,,,,,,,,,,,,,,,,,,,,,,,,,,,43897,4,1,4
3,2,,,,,,,,,,,,,,,,,,,,,,,,,,,,,,,,,,,,43987,1,1,1
3,2,,,,,,,,,,,,,,,,,,,,,,,,,,,,,,,,,,,,44028,1,1,1
3,2,,,,,,,,,,,,,,,,,,,,,,,,,,,,,,,,,,,,44114,1,1,1
2,1,3,1,1,3000,5,2,,,,,,1,,,,,,2,,,2,2,2,1,2,2,2,2,2,2,2,2,2,2,2,44146,2,1,2
3,2,,,,,,,,,,,,,,,,,,,,,,,,,,,,,,,,,,,,44238,1,1,1
3,1,5,1,30,120000,2,1,4000,CUATRO MIL PESOS,,,1,1,,,,,,2,,,2,2,2,2,2,2,2,2,2,2,2,2,2,2,2,44408,1,1,1
1,1,3,1,8,40000,03,1,4000,CUATRO MIL PESOS,,,1,1,,,,,,2,,,2,2,2,2,2,2,2,2,2,2,2,2,2,2,2,44423,1,1,1
3,1,1,1,4,40000,04,1,10000,DIEZ MIL,,,1,,,,,,,2,,,2,2,2,2,2,2,2,2,2,2,2,2,2,2,2,44430,1,1,1
3,1,5,1,30,60000,30,1,4000,CUATRO MIL PESOS,,,1,1,,,,,,2,,,2,2,2,2,2,2,2,2,2,2,2,2,2,2,2,44476,1,1,1
3,1,5,1,30,50000,30,1,4000,CUATRO MIL PESOS,,,1,1,,,,,,2,,,2,2,2,2,2,2,2,2,2,2,2,2,2,2,2,44527,1,1,1
3,1,4,1,20,60000,03,1,4000,CUATRO MIL PESOS,,,,1,,,,,,2,,,2,2,2,2,2,2,2,2,2,2,2,2,2,2,2,44555,1,1,1
3,2,,,,,,,,,,,,,,,,,,,,,,,,,,,,,,,,,,,,44573,2,1,2
3,2,,,,,,,,,,,,,,,,,,,,,,,,,,,,,,,,,,,,44781,2,1,2
1,1,5,1,30,150000,20,1,5000,CINCO MIL PESOS,,,,1,,,,,,2,,,2,2,2,2,2,2,2,2,2,2,2,2,2,2,1,44796,3,1,3
3,1,2,2,,,3,1,5000,CINCO MIL PESOS,,,1,,,,,,,2,,,2,2,1,2,2,2,2,2,2,2,2,2,2,2,1,44798,1,1,1
3,1,5,1,30,160000,30,1,5000,CINCO MIL PESOS,,,1,1,,,,,,2,,,1,1,1,1,1,1,1,1,1,1,1,1,1,1,1,44848,6,1,6
3,2,,,,,,,,,,,,,,,,,,,,,,,,,,,,,,,,,,,,44853,1,1,1
3,2,,,,,,,,,,,,,,,,,,,,,,,,,,,,,,,,,,,,44962,1,1,1
3,1,4,1,5,120000,02,1,6000,SEIS MIL PESOS,,,1,,,,,,,2,,,1,1,2,2,2,2,1,1,1,1,1,1,1,1,1,44970,1,1,1
3,1,2,2,,,1,1,15000,QUINCEMIL,,,,1,,,,,,2,,,2,2,2,2,2,2,2,2,2,2,2,2,2,2,2,45030,1,1,1
3,2,,,,,,,,,,,,,,,,,,,,,,,,,,,,,,,,,,,,45058,1,1,1
3,2,,,,,,,,,,,,,,,,,,,,,,,,,,,,,,,,,,,,45072,1,1,1
3,2,,,,,,,,,,,,,,,,,,,,,,,,,,,,,,,,,,,,45146,1,1,1
3,2,,,,,,,,,,,,,,,,,,,,,,,,,,,,,,,,,,,,45201,5,1,5
3,2,,,,,,,,,,,,,,,,,,,,,,,,,,,,,,,,,,,,45216,1,1,1
3,2,,,,,,,,,,,,,,,,,,,,,,,,,,,,,,,,,,,,45229,2,1,2
3,2,,,,,,,,,,,,,,,,,,,,,,,,,,,,,,,,,,,,45363,1,1,1
3,2,,,,,,,,,,,,,,,,,,,,,,,,,,,,,,,,,,,,45379,2,1,2
3,2,,,,,,,,,,,,,,,,,,,,,,,,,,,,,,,,,,,,45400,1,1,1
2,2,,,,,,,,,,,,,,,,,,,,,,,,,,,,,,,,,,,,45535,1,1,1
3,2,,,,,,,,,,,,,,,,,,,,,,,,,,,,,,,,,,,,45581,3,1,3
3,2,,,,,,,,,,,,,,,,,,,,,,,,,,,,,,,,,,,,45815,1,1,1
3,2,,,,,,,,,,,,,,,,,,,,,,,,,,,,,,,,,,,,45830,2,1,2
3,2,,,,,,,,,,,,,,,,,,,,,,,,,,,,,,,,,,,,45908,2,1,2
1,1,3,1,2,50000,10,1,5000,CINCO MIL PESOS,,,,1,,,,,,2,,,1,2,2,1,2,1,1,2,2,2,2,2,2,2,2,45933,4,1,4
3,2,,,,,,,,,,,,,,,,,,,,,,,,,,,,,,,,,,,,45965,2,1,2
3,1,1,2,,,1,1,15000,QUINCE MIL PESOS,,,,,1,,,,,1,1,,2,2,2,2,2,2,2,2,2,2,2,2,2,2,2,45978,3,1,3
3,2,,,,,,,,,,,,,,,,,,,,,,,,,,,,,,,,,,,,46207,2,1,2
3,2,,,,,,,,,,,,,,,,,,,,,,,,,,,,,,,,,,,,46245,1,1,1
3,2,,,,,,,,,,,,,,,,,,,,,,,,,,,,,,,,,,,,46335,2,1,2
3,1,5,2,,,5,1,10000,DIEZ MIL PESOS,1,,,,,,,,,2,,,2,2,2,2,2,1,2,2,2,2,1,2,2,2,2,46447,1,1,1
1,1,3,1,10,40000,10,1,4000,CUATRO MIL,,,1,,,,,,,2,,,1,2,2,1,2,1,2,2,2,2,2,2,2,2,2,46450,2,1,2
3,1,2,2,,,02,1,13000,TRECE MIL,,,,1,,,,,,2,,,2,2,2,2,2,2,2,2,2,2,2,2,2,2,2,46457,1,1,1
3,2,,,,,,,,,,,,,,,,,,,,,,,,,,,,,,,,,,,,46493,3,1,3
3,1,2,1,2,10000,10,1,20000,VEINTE MIL,,,,1,,,,,,2,,,2,1,2,2,2,2,2,2,2,2,2,2,2,2,2,46587,5,1,5
3,2,,,,,,,,,,,,,,,,,,,,,,,,,,,,,,,,,,,,46622,1,1,1
3,2,,,,,,,,,,,,,,,,,,,,,,,,,,,,,,,,,,,,46725,3,1,3
3,2,,,,,,,,,,,,,,,,,,,,,,,,,,,,,,,,,,,,46732,3,1,3
3,2,,,,,,,,,,,,,,,,,,,,,,,,,,,,,,,,,,,,46764,1,1,1
2,1,2,2,,,03,1,10000,DIEZ MIL PESOS,,,1,,,,,,,2,,,2,2,2,2,2,2,2,2,2,2,2,2,2,2,2,46890,1,1,1
3,2,,,,,,,,,,,,,,,,,,,,,,,,,,,,,,,,,,,,46903,2,1,2
3,2,,,,,,,,,,,,,,,,,,,,,,,,,,,,,,,,,,,,46954,1,1,1
2,1,1,2,,,01,2,,,,,,1,,,,,,2,,,2,2,2,2,2,2,2,2,2,2,2,2,2,2,2,47185,3,1,3
3,2,,,,,,,,,,,,,,,,,,,,,,,,,,,,,,,,,,,,47216,1,1,1
3,2,,,,,,,,,,,,,,,,,,,,,,,,,,,,,,,,,,,,47258,1,1,1
3,2,,,,,,,,,,,,,,,,,,,,,,,,,,,,,,,,,,,,47270,3,1,3
3,2,,,,,,,,,,,,,,,,,,,,,,,,,,,,,,,,,,,,47283,1,1,1
2,1,2,1,3,50000,01,1,50000,CINCUENTA MIL,,1,,,,,,,,2,,,2,2,2,1,1,1,1,2,2,2,2,2,2,2,2,47334,1,1,1
3,1,2,2,,,01,1,7000,SIETE MIL PESOS,,,1,,,,,,,2,,,2,1,1,2,2,2,2,2,2,1,1,2,2,2,2,47364,3,1,3
3,1,2,1,1,40000,02,1,5000,CINCO MIL PESOS,,,1,,,,,,,2,,,2,1,1,2,1,2,2,2,1,1,1,1,2,2,1,47402,1,1,1
3,1,5,1,30,30000,30,1,4000,CUATRO MIL,,,1,,,,,,,2,,,1,2,2,1,2,2,2,2,2,2,2,2,2,2,2,47439,1,1,1
3,2,,,,,,,,,,,,,,,,,,,,,,,,,,,,,,,,,,,,47466,2,1,2
3,1,2,2,,,30,1,30000,TRES MIL,,,,1,,,,,,2,,,2,2,2,2,2,2,2,2,2,2,2,2,2,2,2,47469,3,1,3
3,2,,,,,,,,,,,,,,,,,,,,,,,,,,,,,,,,,,,,47615,2,1,2
9,1,3,1,2,150000,5,1,30000,TREINTA MIL PESOS,,1,,,,,1,,,2,,,2,2,2,2,2,2,2,2,2,2,2,2,2,2,2,47663,1,1,1
3,2,,,,,,,,,,,,,,,,,,,,,,,,,,,,,,,,,,,,47669,1,1,1
3,2,,,,,,,,,,,,,,,,,,,,,,,,,,,,,,,,,,,,47860,2,1,2
3,2,,,,,,,,,,,,,,,,,,,,,,,,,,,,,,,,,,,,47939,1,1,1
3,2,,,,,,,,,,,,,,,,,,,,,,,,,,,,,,,,,,,,47945,2,1,2
9,1,3,2,,,1,2,,,,,,1,1,,,,,1,1,,2,2,2,2,2,2,2,2,2,2,2,2,2,2,2,47967,2,1,2
3,2,,,,,,,,,,,,,,,,,,,,,,,,,,,,,,,,,,,,48130,2,1,2
3,1,1,2,,,1,1,5000,CINCO MIL PESOS,,,,,1,,,,,2,,,2,1,1,1,1,1,1,2,1,2,1,1,1,2,2,48188,3,1,3
3,2,,,,,,,,,,,,,,,,,,,,,,,,,,,,,,,,,,,,48200,1,1,1
3,2,,,,,,,,,,,,,,,,,,,,,,,,,,,,,,,,,,,,48219,1,1,1
3,2,,,,,,,,,,,,,,,,,,,,,,,,,,,,,,,,,,,,48262,1,1,1
3,1,2,2,,,2,1,30000,TREINTA MIL,,,,1,,,,,,2,,,2,2,2,2,2,2,2,1,2,2,2,2,2,2,2,48363,2,1,2
3,2,,,,,,,,,,,,,,,,,,,,,,,,,,,,,,,,,,,,48380,3,1,3
3,2,,,,,,,,,,,,,,,,,,,,,,,,,,,,,,,,,,,,48390,1,1,1
3,2,,,,,,,,,,,,,,,,,,,,,,,,,,,,,,,,,,,,48624,1,1,1
3,2,,,,,,,,,,,,,,,,,,,,,,,,,,,,,,,,,,,,48670,1,1,1
3,2,,,,,,,,,,,,,,,,,,,,,,,,,,,,,,,,,,,,48680,3,1,3
3,2,,,,,,,,,,,,,,,,,,,,,,,,,,,,,,,,,,,,48729,1,1,1
3,2,,,,,,,,,,,,,,,,,,,,,,,,,,,,,,,,,,,,48779,1,1,1
3,2,,,,,,,,,,,,,,,,,,,,,,,,,,,,,,,,,,,,48865,1,1,1
3,2,,,,,,,,,,,,,,,,,,,,,,,,,,,,,,,,,,,,48871,2,1,2
3,1,2,1,1,50000,02,1,15000,QUINCE MIL PESOS,,,1,,,,,,,2,,,2,2,2,2,2,2,2,2,2,2,2,2,2,2,2,48924,3,1,3
3,2,,,,,,,,,,,,,,,,,,,,,,,,,,,,,,,,,,,,48963,1,1,1
3,2,,,,,,,,,,,,,,,,,,,,,,,,,,,,,,,,,,,,48983,1,1,1
3,2,,,,,,,,,,,,,,,,,,,,,,,,,,,,,,,,,,,,48988,1,1,1
3,1,2,1,1,40000,01,1,40000,CUARENTA MIL PESOS,,,,1,1,,,,,2,,,2,2,2,2,2,2,2,2,2,2,2,2,2,2,2,49000,1,1,1
3,2,,,,,,,,,,,,,,,,,,,,,,,,,,,,,,,,,,,,49051,1,1,1
3,2,,,,,,,,,,,,,,,,,,,,,,,,,,,,,,,,,,,,49055,3,1,3
9,2,,,,,,,,,,,,,,,,,,,,,,,,,,,,,,,,,,,,49061,1,1,1
3,2,,,,,,,,,,,,,,,,,,,,,,,,,,,,,,,,,,,,49109,2,1,2
3,2,,,,,,,,,,,,,,,,,,,,,,,,,,,,,,,,,,,,49128,1,1,1
3,2,,,,,,,,,,,,,,,,,,,,,,,,,,,,,,,,,,,,49146,3,1,3
3,2,,,,,,,,,,,,,,,,,,,,,,,,,,,,,,,,,,,,49176,1,1,1
3,2,,,,,,,,,,,,,,,,,,,,,,,,,,,,,,,,,,,,49233,1,1,1
2,1,1,2,,,01,1,6000,SEIS MIL PESOS,,,,,,1,,,,2,,,2,2,2,2,2,2,2,2,2,2,2,2,2,2,2,49254,3,1,3
3,1,3,1,4,80000,50,1,30000,TREINTA MIL PESOS,,,,,,1,,,,2,,,1,1,1,1,1,1,1,1,1,1,1,1,1,1,1,49266,1,1,1
3,2,,,,,,,,,,,,,,,,,,,,,,,,,,,,,,,,,,,,49318,1,1,1
3,2,,,,,,,,,,,,,,,,,,,,,,,,,,,,,,,,,,,,49484,1,1,1
3,1,2,2,,,2,1,6000,SEIS MIL PESOS,,,,1,,,,,,2,,,1,1,2,1,2,2,1,1,2,1,2,1,1,2,2,49510,1,1,1
3,2,,,,,,,,,,,,,,,,,,,,,,,,,,,,,,,,,,,,49539,1,1,1
3,1,2,2,,,1,1,20000,VEINTE MIL,,,,,,,1,,,2,,,2,2,2,2,2,2,2,2,2,2,2,2,2,2,2,49558,3,1,3
3,2,,,,,,,,,,,,,,,,,,,,,,,,,,,,,,,,,,,,49565,1,1,1
3,2,,,,,,,,,,,,,,,,,,,,,,,,,,,,,,,,,,,,49567,1,1,1
3,2,,,,,,,,,,,,,,,,,,,,,,,,,,,,,,,,,,,,49581,1,1,1
3,2,,,,,,,,,,,,,,,,,,,,,,,,,,,,,,,,,,,,49591,1,1,1
3,2,,,,,,,,,,,,,,,,,,,,,,,,,,,,,,,,,,,,49662,4,1,4
3,2,,,,,,,,,,,,,,,,,,,,,,,,,,,,,,,,,,,,49765,2,1,2
3,2,,,,,,,,,,,,,,,,,,,,,,,,,,,,,,,,,,,,49777,1,1,1
3,2,,,,,,,,,,,,,,,,,,,,,,,,,,,,,,,,,,,,49812,3,1,3
3,2,,,,,,,,,,,,,,,,,,,,,,,,,,,,,,,,,,,,49823,2,1,2
3,1,2,1,2,40000,1,1,20000,VEINTE MIL SE PUEDE CONSEGUIR DE CINCO MIL A SIETE MIL SEGUN CALIDAD,,,,1,,,,1,,2,,,2,1,2,2,2,2,2,2,2,2,2,2,2,2,2,49851,3,1,3
2,1,1,2,,,1,1,8000,OCHO MIL PESOS,,,,,,1,,,,2,,,2,2,2,2,2,2,2,2,2,2,2,2,2,2,2,49874,1,1,1
3,2,,,,,,,,,,,,,,,,,,,,,,,,,,,,,,,,,,,,49884,1,1,1
3,1,5,1,30,80000,40,1,4000,CUATRO MIL PESOS,,,,1,,,,,,2,,,2,2,2,2,2,2,2,2,2,2,2,2,2,2,2,49885,1,1,1
3,2,,,,,,,,,,,,,,,,,,,,,,,,,,,,,,,,,,,,49915,3,1,3
3,2,,,,,,,,,,,,,,,,,,,,,,,,,,,,,,,,,,,,49927,1,1,1
3,1,2,1,5,150000,5,1,4000,CUATRO MIL PESOS,,,1,1,,,,,,2,,,1,1,2,1,1,2,2,2,1,1,1,1,2,2,2,49973,1,1,1
3,2,,,,,,,,,,,,,,,,,,,,,,,,,,,,,,,,,,,,49983,6,1,6
3,2,,,,,,,,,,,,,,,,,,,,,,,,,,,,,,,,,,,,50067,1,1,1
3,2,,,,,,,,,,,,,,,,,,,,,,,,,,,,,,,,,,,,50158,3,1,3
3,1,4,1,10,50000,1,1,5000,CINCO MIL PESOS,,,,1,,,,,,2,,,1,2,2,1,2,1,1,1,2,2,2,1,1,2,1,50168,1,1,1
3,2,,,,,,,,,,,,,,,,,,,,,,,,,,,,,,,,,,,,50188,2,1,2
3,2,,,,,,,,,,,,,,,,,,,,,,,,,,,,,,,,,,,,50191,1,1,1
3,2,,,,,,,,,,,,,,,,,,,,,,,,,,,,,,,,,,,,50333,3,1,3
3,1,1,1,1,10000,02,2,,,,,,1,,,,,,2,,,2,1,2,2,2,2,2,2,2,2,1,2,2,2,2,50345,2,1,2
3,2,,,,,,,,,,,,,,,,,,,,,,,,,,,,,,,,,,,,50360,2,1,2
3,2,,,,,,,,,,,,,,,,,,,,,,,,,,,,,,,,,,,,50483,2,1,2
3,1,3,1,2,20000,02,1,10000,DIEZ MIL PESOS,,,,,,,1,,,2,,,2,2,2,2,2,2,2,2,2,2,1,2,2,2,2,50507,1,1,1
3,2,,,,,,,,,,,,,,,,,,,,,,,,,,,,,,,,,,,,50553,1,1,1
3,1,5,1,30,15000,12,1,5000,CINCO MIL PESOS,,,,1,,,,,,2,,,1,1,2,1,2,2,2,1,1,1,1,1,2,2,2,50564,1,1,1
3,2,,,,,,,,,,,,,,,,,,,,,,,,,,,,,,,,,,,,50569,1,1,1
3,2,,,,,,,,,,,,,,,,,,,,,,,,,,,,,,,,,,,,50576,1,1,1
3,2,,,,,,,,,,,,,,,,,,,,,,,,,,,,,,,,,,,,50609,1,1,1
3,2,,,,,,,,,,,,,,,,,,,,,,,,,,,,,,,,,,,,50626,1,1,1
3,2,,,,,,,,,,,,,,,,,,,,,,,,,,,,,,,,,,,,50684,2,1,2
3,1,4,1,4,24000,04,1,6000,SEIS MIL PESOS,,,1,,,,,,,2,,,2,2,2,2,2,1,1,2,2,2,2,2,2,2,1,50721,1,1,1
3,2,,,,,,,,,,,,,,,,,,,,,,,,,,,,,,,,,,,,50737,1,1,1
3,2,,,,,,,,,,,,,,,,,,,,,,,,,,,,,,,,,,,,50837,1,1,1
3,1,3,2,,,30,1,10000,DIEZ MIL,,,1,1,1,1,1,,,2,,,1,2,2,1,2,2,2,1,1,1,1,1,1,1,1,50936,4,1,4
3,1,1,2,,,1,1,6000,SEIS MIL PESOS,,,1,,,,,,,2,,,2,2,2,2,2,2,2,2,2,2,2,2,2,2,2,50944,3,1,3
9,2,,,,,,,,,,,,,,,,,,,,,,,,,,,,,,,,,,,,50986,3,1,3
3,2,,,,,,,,,,,,,,,,,,,,,,,,,,,,,,,,,,,,51006,3,1,3
3,2,,,,,,,,,,,,,,,,,,,,,,,,,,,,,,,,,,,,51034,1,1,1
3,2,,,,,,,,,,,,,,,,,,,,,,,,,,,,,,,,,,,,51137,3,1,3
3,2,,,,,,,,,,,,,,,,,,,,,,,,,,,,,,,,,,,,51195,4,1,4
3,1,3,1,4,98,04,2,,,,,,1,,,1,,,2,,,2,2,2,2,2,2,2,2,2,2,2,2,2,2,2,51240,1,1,1
3,2,,,,,,,,,,,,,,,,,,,,,,,,,,,,,,,,,,,,51249,1,1,1
3,2,,,,,,,,,,,,,,,,,,,,,,,,,,,,,,,,,,,,51396,3,1,3
3,2,,,,,,,,,,,,,,,,,,,,,,,,,,,,,,,,,,,,51502,2,1,2
3,2,,,,,,,,,,,,,,,,,,,,,,,,,,,,,,,,,,,,51531,7,1,7
3,1,4,2,,,05,1,35000,TREINTA Y CINCO MIL PESOS,,,,,,,1,,,2,,,2,2,2,2,2,2,2,2,2,1,1,1,2,2,2,51552,4,1,4
3,2,,,,,,,,,,,,,,,,,,,,,,,,,,,,,,,,,,,,51602,1,1,1
3,2,,,,,,,,,,,,,,,,,,,,,,,,,,,,,,,,,,,,51676,3,1,3
3,2,,,,,,,,,,,,,,,,,,,,,,,,,,,,,,,,,,,,51725,2,1,2
3,2,,,,,,,,,,,,,,,,,,,,,,,,,,,,,,,,,,,,51749,2,1,2
3,1,4,1,20,65000,30,1,4000,CUATRO MIL PESOS,,,1,,,,,,,2,,,2,1,1,2,2,2,2,1,2,2,1,1,1,2,1,52046,3,1,3
3,2,,,,,,,,,,,,,,,,,,,,,,,,,,,,,,,,,,,,52097,1,1,1
1,1,2,1,1,10000,01,1,15000,QUINCE MIL PESOS,,,1,,,,,,,2,,,2,2,2,2,2,2,2,2,2,2,2,2,2,2,2,52108,1,1,1
3,2,,,,,,,,,,,,,,,,,,,,,,,,,,,,,,,,,,,,52153,5,1,5
3,2,,,,,,,,,,,,,,,,,,,,,,,,,,,,,,,,,,,,52156,3,1,3
3,2,,,,,,,,,,,,,,,,,,,,,,,,,,,,,,,,,,,,52213,1,1,1
3,2,,,,,,,,,,,,,,,,,,,,,,,,,,,,,,,,,,,,52404,2,1,2
3,1,4,1,20,100000,20,1,5000,CINCO MIL,,,,,,1,,,,2,,,1,1,1,1,1,2,1,1,1,1,1,1,1,1,1,52429,2,1,2
9,2,,,,,,,,,,,,,,,,,,,,,,,,,,,,,,,,,,,,52654,1,1,1
3,2,,,,,,,,,,,,,,,,,,,,,,,,,,,,,,,,,,,,52701,2,1,2
3,2,,,,,,,,,,,,,,,,,,,,,,,,,,,,,,,,,,,,52825,1,1,1
3,2,,,,,,,,,,,,,,,,,,,,,,,,,,,,,,,,,,,,52917,1,1,1
3,2,,,,,,,,,,,,,,,,,,,,,,,,,,,,,,,,,,,,52935,1,1,1
3,2,,,,,,,,,,,,,,,,,,,,,,,,,,,,,,,,,,,,52959,1,1,1
3,1,4,2,,,01,1,9000,NUEVE MIL PESOS,,,,,,,1,,,2,,,1,2,2,2,2,2,2,2,2,2,1,2,2,2,2,53114,2,1,2
3,1,1,2,,,01,1,7000,SIETE MIL PESOS,,,1,,,,,,,2,,,2,1,1,1,1,2,2,2,2,2,1,1,1,2,2,53126,3,1,3
3,2,,,,,,,,,,,,,,,,,,,,,,,,,,,,,,,,,,,,53151,2,1,2
3,2,,,,,,,,,,,,,,,,,,,,,,,,,,,,,,,,,,,,53168,1,1,1
3,1,4,1,3,20000,04,1,5000,CINCO MIL,,,1,,,,,,,2,,,1,2,2,1,2,2,2,1,1,1,2,1,1,2,2,53229,1,1,1
3,2,,,,,,,,,,,,,,,,,,,,,,,,,,,,,,,,,,,,53262,1,1,1
3,2,,,,,,,,,,,,,,,,,,,,,,,,,,,,,,,,,,,,53283,1,1,1
3,2,,,,,,,,,,,,,,,,,,,,,,,,,,,,,,,,,,,,53463,1,1,1
3,2,,,,,,,,,,,,,,,,,,,,,,,,,,,,,,,,,,,,53488,1,1,1
3,2,,,,,,,,,,,,,,,,,,,,,,,,,,,,,,,,,,,,53503,1,1,1
3,2,,,,,,,,,,,,,,,,,,,,,,,,,,,,,,,,,,,,53522,5,1,5
3,1,1,2,,,1,2,,,,,,1,,,,,,2,,,2,2,2,2,2,2,2,2,2,2,2,2,2,2,2,53533,3,1,3
3,2,,,,,,,,,,,,,,,,,,,,,,,,,,,,,,,,,,,,53567,3,1,3
3,2,,,,,,,,,,,,,,,,,,,,,,,,,,,,,,,,,,,,53576,1,1,1
3,2,,,,,,,,,,,,,,,,,,,,,,,,,,,,,,,,,,,,53707,1,1,1
3,2,,,,,,,,,,,,,,,,,,,,,,,,,,,,,,,,,,,,53740,2,1,2
3,2,,,,,,,,,,,,,,,,,,,,,,,,,,,,,,,,,,,,53838,3,1,3
3,2,,,,,,,,,,,,,,,,,,,,,,,,,,,,,,,,,,,,53840,1,1,1
3,2,,,,,,,,,,,,,,,,,,,,,,,,,,,,,,,,,,,,53966,3,1,3
3,1,2,2,,,1,1,30000,TREINTA MIL PESOS,,,,1,,,,,,2,,,2,2,2,2,2,2,2,2,2,2,2,2,2,2,2,53973,5,1,5
3,2,,,,,,,,,,,,,,,,,,,,,,,,,,,,,,,,,,,,53988,3,1,3
3,2,,,,,,,,,,,,,,,,,,,,,,,,,,,,,,,,,,,,54020,1,1,1
3,2,,,,,,,,,,,,,,,,,,,,,,,,,,,,,,,,,,,,54111,3,1,3
3,2,,,,,,,,,,,,,,,,,,,,,,,,,,,,,,,,,,,,54146,4,1,4
2,2,,,,,,,,,,,,,,,,,,,,,,,,,,,,,,,,,,,,54256,1,1,1
3,1,2,2,,,05,1,20000,VEINTE MIL PESOS,,,,,,,,1,,2,,,2,2,2,2,2,2,2,2,2,2,2,2,2,2,2,54306,1,1,1
3,2,,,,,,,,,,,,,,,,,,,,,,,,,,,,,,,,,,,,54332,2,1,2
3,2,,,,,,,,,,,,,,,,,,,,,,,,,,,,,,,,,,,,54438,1,1,1
3,2,,,,,,,,,,,,,,,,,,,,,,,,,,,,,,,,,,,,54549,1,1,1
3,1,2,2,,,01,2,,,,,,1,,,,,,2,,,2,2,2,2,2,2,2,2,2,2,2,2,2,2,2,54585,1,1,1
3,2,,,,,,,,,,,,,,,,,,,,,,,,,,,,,,,,,,,,54651,3,1,3
3,1,2,2,,,01,2,,,,,,1,,,,,,2,,,2,2,2,2,2,2,2,2,2,2,2,2,2,2,2,54669,3,1,3
3,2,,,,,,,,,,,,,,,,,,,,,,,,,,,,,,,,,,,,54719,3,1,3
3,2,,,,,,,,,,,,,,,,,,,,,,,,,,,,,,,,,,,,54720,2,1,2
3,1,2,2,,,1,1,20000,VEINTE MIL PESOS,,1,1,1,1,1,1,,,2,,,1,1,1,1,1,1,1,1,1,1,1,1,1,1,1,54903,1,1,1
3,2,,,,,,,,,,,,,,,,,,,,,,,,,,,,,,,,,,,,54979,1,1,1
3,1,3,1,4,24000,04,1,6000,SEIS MIL,,,,1,1,,1,,,2,,,1,1,1,1,1,2,2,2,1,1,1,2,1,2,1,55029,2,1,2
3,2,,,,,,,,,,,,,,,,,,,,,,,,,,,,,,,,,,,,55042,1,1,1
3,2,,,,,,,,,,,,,,,,,,,,,,,,,,,,,,,,,,,,55067,1,1,1
3,2,,,,,,,,,,,,,,,,,,,,,,,,,,,,,,,,,,,,55199,1,1,1
3,2,,,,,,,,,,,,,,,,,,,,,,,,,,,,,,,,,,,,55214,1,1,1
3,2,,,,,,,,,,,,,,,,,,,,,,,,,,,,,,,,,,,,55218,1,1,1
3,2,,,,,,,,,,,,,,,,,,,,,,,,,,,,,,,,,,,,55243,3,1,3
3,2,,,,,,,,,,,,,,,,,,,,,,,,,,,,,,,,,,,,55277,1,1,1
3,2,,,,,,,,,,,,,,,,,,,,,,,,,,,,,,,,,,,,55361,2,1,2
3,2,,,,,,,,,,,,,,,,,,,,,,,,,,,,,,,,,,,,55391,1,1,1
3,2,,,,,,,,,,,,,,,,,,,,,,,,,,,,,,,,,,,,55514,1,1,1
3,1,3,2,,,1,1,10000,DIEZ MAIL,,,1,,,,,,,1,1,,2,2,2,2,2,2,2,2,2,2,1,2,2,2,2,55546,3,1,3
3,2,,,,,,,,,,,,,,,,,,,,,,,,,,,,,,,,,,,,55559,4,1,4
3,2,,,,,,,,,,,,,,,,,,,,,,,,,,,,,,,,,,,,55606,1,1,1
3,1,2,2,,,01,2,,,,,,1,,,,,,2,,,2,2,2,2,2,2,2,2,2,2,2,2,2,2,2,55610,3,1,3
3,2,,,,,,,,,,,,,,,,,,,,,,,,,,,,,,,,,,,,55651,1,1,1
3,2,,,,,,,,,,,,,,,,,,,,,,,,,,,,,,,,,,,,55692,1,1,1
3,2,,,,,,,,,,,,,,,,,,,,,,,,,,,,,,,,,,,,55722,2,1,2
3,2,,,,,,,,,,,,,,,,,,,,,,,,,,,,,,,,,,,,55744,3,1,3
3,2,,,,,,,,,,,,,,,,,,,,,,,,,,,,,,,,,,,,55798,1,1,1
3,2,,,,,,,,,,,,,,,,,,,,,,,,,,,,,,,,,,,,55802,1,1,1
3,2,,,,,,,,,,,,,,,,,,,,,,,,,,,,,,,,,,,,55810,1,1,1
3,1,2,1,1,20000,50,2,,,,,1,,,,,,,1,1,,2,2,2,2,2,2,2,2,2,2,2,2,2,2,1,55892,2,1,2
3,1,2,2,,,1,1,10000,DIEZ MIL PESOS,,,,1,,,,,,2,,,2,1,2,2,2,1,2,2,2,2,2,2,2,2,2,55991,1,1,1
3,1,1,2,,,02,1,5000,CINCO MIL PESOS,,,,,,,1,,,2,,,2,2,2,2,2,2,2,2,2,2,2,2,2,2,2,56027,3,1,3
3,2,,,,,,,,,,,,,,,,,,,,,,,,,,,,,,,,,,,,56056,1,1,1
3,1,1,1,1,5000,03,2,,,,,,,,,1,,,2,,,2,2,2,1,2,2,2,2,2,2,1,2,2,2,2,56086,2,1,2
3,2,,,,,,,,,,,,,,,,,,,,,,,,,,,,,,,,,,,,56106,3,1,3
3,2,,,,,,,,,,,,,,,,,,,,,,,,,,,,,,,,,,,,56111,1,1,1
3,1,2,2,,,01,1,10000,DIEZ MIL PESOS,,,,1,,,,,,2,,,2,2,2,2,2,2,2,2,2,2,2,2,2,2,2,56124,3,1,3
3,2,,,,,,,,,,,,,,,,,,,,,,,,,,,,,,,,,,,,56178,8,1,8
3,2,,,,,,,,,,,,,,,,,,,,,,,,,,,,,,,,,,,,56221,3,1,3
2,1,3,1,5,70000,05,1,25000,VEITICINCO MIL PESOS,,,1,,,,,,,2,,,1,1,1,1,1,2,2,2,2,2,2,2,2,2,2,56270,2,1,2
3,1,1,2,,,08,1,12000,DOCE MIL PESOS,,,,1,,,,,,2,,,2,2,2,2,2,2,2,2,2,2,2,2,2,2,2,56272,1,1,1
3,1,3,1,1,10000,1,1,10000,DIEZ MIL PESOS,,,,,,1,,,,2,,,2,2,2,2,2,2,2,2,2,2,2,2,2,2,2,56283,2,1,2
3,2,,,,,,,,,,,,,,,,,,,,,,,,,,,,,,,,,,,,56285,4,1,4
3,1,2,1,3,98,1,1,20000,VEINTE MIL PESOS,,,,,,,,,1,2,,,2,2,2,2,2,2,2,2,2,2,2,2,2,2,2,56382,1,1,1
3,1,3,1,1,10000,1,1,10000,DIEZ MIL PESOS,,,,1,,,,,,2,,,2,2,2,2,2,2,2,2,2,2,2,2,2,2,2,56386,1,1,1
3,2,,,,,,,,,,,,,,,,,,,,,,,,,,,,,,,,,,,,56401,1,1,1
3,2,,,,,,,,,,,,,,,,,,,,,,,,,,,,,,,,,,,,56403,1,1,1
3,2,,,,,,,,,,,,,,,,,,,,,,,,,,,,,,,,,,,,56433,2,1,2
3,2,,,,,,,,,,,,,,,,,,,,,,,,,,,,,,,,,,,,56478,2,1,2
3,1,2,2,,,03,1,10000,DIEZ MIL PESOS,,,,1,,,,,,2,,,2,2,2,2,2,2,2,2,2,2,2,2,2,2,2,56552,1,1,1
3,2,,,,,,,,,,,,,,,,,,,,,,,,,,,,,,,,,,,,56569,2,1,2
3,2,,,,,,,,,,,,,,,,,,,,,,,,,,,,,,,,,,,,56649,2,1,2
3,1,1,2,,,1,1,15000,QUINCE MIL,,,,,,1,,,,2,,,2,2,2,2,2,2,2,2,2,2,2,2,2,2,2,56710,1,1,1
3,2,,,,,,,,,,,,,,,,,,,,,,,,,,,,,,,,,,,,56736,2,1,2
3,2,,,,,,,,,,,,,,,,,,,,,,,,,,,,,,,,,,,,56738,2,1,2
2,1,2,2,,,01,1,10000,DIEZ MIL PESOS,,,,,1,,,,,2,,,2,1,2,2,2,2,2,2,2,2,2,2,2,2,2,56802,3,1,3
3,2,,,,,,,,,,,,,,,,,,,,,,,,,,,,,,,,,,,,56807,1,1,1
3,1,2,2,,,01,2,,,,,,1,,,,,,2,,,2,2,2,2,2,2,2,2,2,2,2,2,2,2,2,56815,1,1,1
3,2,,,,,,,,,,,,,,,,,,,,,,,,,,,,,,,,,,,,56823,4,1,4
3,2,,,,,,,,,,,,,,,,,,,,,,,,,,,,,,,,,,,,56961,2,1,2
3,1,5,1,15,50000,12,1,10000,DIEZ MIL PESOS,,,,1,,,,,,2,,,1,2,1,1,2,2,2,1,2,2,1,2,2,2,2,57069,3,1,3
3,2,,,,,,,,,,,,,,,,,,,,,,,,,,,,,,,,,,,,57178,1,1,1
3,2,,,,,,,,,,,,,,,,,,,,,,,,,,,,,,,,,,,,57581,3,1,3
3,2,,,,,,,,,,,,,,,,,,,,,,,,,,,,,,,,,,,,57623,1,1,1
3,2,,,,,,,,,,,,,,,,,,,,,,,,,,,,,,,,,,,,57628,11,1,11
3,2,,,,,,,,,,,,,,,,,,,,,,,,,,,,,,,,,,,,57683,1,1,1
2,1,1,2,,,1,2,,,,,,1,,,,,,2,,,2,2,2,2,2,2,2,2,2,2,2,2,2,2,2,57716,1,1,1
3,1,1,2,,,1,1,20000,VEINTE MIL PESOS,,,,1,,,,,,2,,,2,2,2,2,2,2,2,2,2,2,2,2,2,2,2,57870,1,1,1
3,2,,,,,,,,,,,,,,,,,,,,,,,,,,,,,,,,,,,,57890,2,1,2
3,2,,,,,,,,,,,,,,,,,,,,,,,,,,,,,,,,,,,,57939,1,1,1
2,2,,,,,,,,,,,,,,,,,,,,,,,,,,,,,,,,,,,,57967,1,1,1
3,1,4,1,20,160000,15,1,5000,CINCO MIL PESOS,,,,1,1,,,,,1,1,,2,1,1,2,1,1,1,1,1,2,2,1,1,1,1,58009,2,1,2
3,2,,,,,,,,,,,,,,,,,,,,,,,,,,,,,,,,,,,,58075,1,1,1
3,2,,,,,,,,,,,,,,,,,,,,,,,,,,,,,,,,,,,,58146,1,1,1
3,2,,,,,,,,,,,,,,,,,,,,,,,,,,,,,,,,,,,,58187,3,1,3
3,2,,,,,,,,,,,,,,,,,,,,,,,,,,,,,,,,,,,,58205,2,1,2
3,2,,,,,,,,,,,,,,,,,,,,,,,,,,,,,,,,,,,,58354,1,1,1
3,2,,,,,,,,,,,,,,,,,,,,,,,,,,,,,,,,,,,,58367,1,1,1
3,2,,,,,,,,,,,,,,,,,,,,,,,,,,,,,,,,,,,,58522,1,1,1
3,2,,,,,,,,,,,,,,,,,,,,,,,,,,,,,,,,,,,,58642,1,1,1
3,2,,,,,,,,,,,,,,,,,,,,,,,,,,,,,,,,,,,,58660,2,1,2
3,2,,,,,,,,,,,,,,,,,,,,,,,,,,,,,,,,,,,,58827,1,1,1
3,2,,,,,,,,,,,,,,,,,,,,,,,,,,,,,,,,,,,,58919,4,1,4
2,2,,,,,,,,,,,,,,,,,,,,,,,,,,,,,,,,,,,,59047,2,1,2
3,1,1,2,,,03,1,15000,QUINCE MIL PESOS,,,,1,,,,,,2,,,2,2,2,2,2,2,2,2,2,2,2,2,2,2,2,59100,1,1,1
3,2,,,,,,,,,,,,,,,,,,,,,,,,,,,,,,,,,,,,59142,1,1,1
3,1,2,2,,,1,1,10000,DIEZ MIL,,,,,1,,,,,2,,,2,2,2,2,2,2,2,2,2,2,1,2,2,2,2,59250,1,1,1
3,2,,,,,,,,,,,,,,,,,,,,,,,,,,,,,,,,,,,,59315,3,1,3
3,1,3,1,1,10000,1,1,10000,diez mil pesos,,,1,,,,,,,2,,,2,2,2,2,1,2,2,2,2,1,1,1,2,2,2,59316,3,1,3
3,2,,,,,,,,,,,,,,,,,,,,,,,,,,,,,,,,,,,,59429,3,1,3
3,2,,,,,,,,,,,,,,,,,,,,,,,,,,,,,,,,,,,,59570,3,1,3
3,2,,,,,,,,,,,,,,,,,,,,,,,,,,,,,,,,,,,,59573,2,1,2
3,2,,,,,,,,,,,,,,,,,,,,,,,,,,,,,,,,,,,,59629,3,1,3
3,1,1,2,,,01,1,10000,DIEZ MIL PESOS,,,,1,,,,,,2,,,2,2,2,2,2,2,2,2,2,2,2,2,2,2,2,59649,6,1,6
3,2,,,,,,,,,,,,,,,,,,,,,,,,,,,,,,,,,,,,59773,2,1,2
3,2,,,,,,,,,,,,,,,,,,,,,,,,,,,,,,,,,,,,59774,2,1,2
3,2,,,,,,,,,,,,,,,,,,,,,,,,,,,,,,,,,,,,59835,1,1,1
3,2,,,,,,,,,,,,,,,,,,,,,,,,,,,,,,,,,,,,59941,2,1,2
