M_01,M_02,M_03,M_04,M_05,M_06,M_07,M_08,M_08_VALOR,M_08_TEXTO,M_09_A,M_09_B,M_09_C,M_09_D,M_09_E,M_09_F,M_09_G,M_09_H,M_09_I,M_10_A,M_10_B,M_10_C,M_10_D,M_10_E,M_10_F,M_10_G,M_10_H,M_10_I,M_10_J,M_10_K,M_10_L,M_10_M,M_10_N,M_10_O,DIRECTORIO,SECUENCIA_ENCUESTA,SECUENCIA_P,ORDEN
3,1,2,2,,,2,1,7000,SIETE MIL PESOS,,,,,,,1,,,2,2,2,2,2,2,2,2,2,2,2,2,2,2,2,535,1,1,1
3,2,,,,,,,,,,,,,,,,,,,,,,,,,,,,,,,,,634,1,1,1
3,2,,,,,,,,,,,,,,,,,,,,,,,,,,,,,,,,,827,1,1,1
3,2,,,,,,,,,,,,,,,,,,,,,,,,,,,,,,,,,829,1,1,1
3,2,,,,,,,,,,,,,,,,,,,,,,,,,,,,,,,,,836,2,1,2
3,2,,,,,,,,,,,,,,,,,,,,,,,,,,,,,,,,,994,1,1,1
3,2,,,,,,,,,,,,,,,,,,,,,,,,,,,,,,,,,1129,2,1,2
3,1,3,1,9,150000,150,1,1000,MIL PESOS,,,,1,,,,,,1,1,2,1,1,1,1,1,1,1,1,1,1,1,1,1348,2,1,2
3,1,2,2,,,10,1,3500,TRES MIL QUINIENTOS PESOS,,,1,,,,,,,1,2,1,1,2,2,2,1,1,1,1,1,1,1,2,1431,1,1,1
3,2,,,,,,,,,,,,,,,,,,,,,,,,,,,,,,,,,1461,1,1,1
3,1,5,1,30,150000,20,1,500,QUINIENTOS PESOS,,,1,,,,,,,1,1,1,1,1,1,1,1,1,1,1,1,1,2,1,1535,3,1,3
3,2,,,,,,,,,,,,,,,,,,,,,,,,,,,,,,,,,1568,2,1,2
3,1,3,1,1,10000,10,1,2000,DOS MIL PESOS,,,,,,1,,,,2,2,2,1,2,1,1,1,1,2,1,1,1,1,1,1578,1,1,1
3,2,,,,,,,,,,,,,,,,,,,,,,,,,,,,,,,,,1742,7,1,7
3,2,,,,,,,,,,,,,,,,,,,,,,,,,,,,,,,,,1815,1,1,1
3,2,,,,,,,,,,,,,,,,,,,,,,,,,,,,,,,,,1832,1,1,1
3,2,,,,,,,,,,,,,,,,,,,,,,,,,,,,,,,,,2201,1,1,1
3,2,,,,,,,,,,,,,,,,,,,,,,,,,,,,,,,,,2267,2,1,2
3,2,,,,,,,,,,,,,,,,,,,,,,,,,,,,,,,,,2425,3,1,3
3,2,,,,,,,,,,,,,,,,,,,,,,,,,,,,,,,,,2499,2,1,2
3,2,,,,,,,,,,,,,,,,,,,,,,,,,,,,,,,,,2530,1,1,1
3,2,,,,,,,,,,,,,,,,,,,,,,,,,,,,,,,,,2804,1,1,1
3,2,,,,,,,,,,,,,,,,,,,,,,,,,,,,,,,,,3243,1,1,1
3,2,,,,,,,,,,,,,,,,,,,,,,,,,,,,,,,,,3758,1,1,1
3,1,4,1,3,90000,120,1,2000,DOS MIL,,,1,,,,,,,1,1,1,1,1,1,1,1,1,1,1,1,1,1,1,3782,2,1,2
3,2,,,,,,,,,,,,,,,,,,,,,,,,,,,,,,,,,3786,1,1,1
3,2,,,,,,,,,,,,,,,,,,,,,,,,,,,,,,,,,4166,1,1,1
3,2,,,,,,,,,,,,,,,,,,,,,,,,,,,,,,,,,4411,1,1,1
3,2,,,,,,,,,,,,,,,,,,,,,,,,,,,,,,,,,4516,1,1,1
3,2,,,,,,,,,,,,,,,,,,,,,,,,,,,,,,,,,4787,3,1,3
3,2,,,,,,,,,,,,,,,,,,,,,,,,,,,,,,,,,4826,1,1,1
3,2,,,,,,,,,,,,,,,,,,,,,,,,,,,,,,,,,4993,1,1,1
3,2,,,,,,,,,,,,,,,,,,,,,,,,,,,,,,,,,5313,1,1,1
3,2,,,,,,,,,,,,,,,,,,,,,,,,,,,,,,,,,5453,1,1,1
3,1,2,2,,,1,1,5000,CINCO MIL PESOS,,,1,,,,,,,1,1,1,1,1,1,1,1,1,1,1,1,1,1,1,5611,1,1,1
3,2,,,,,,,,,,,,,,,,,,,,,,,,,,,,,,,,,5661,1,1,1
3,2,,,,,,,,,,,,,,,,,,,,,,,,,,,,,,,,,5937,1,1,1
3,2,,,,,,,,,,,,,,,,,,,,,,,,,,,,,,,,,5959,2,1,2
3,2,,,,,,,,,,,,,,,,,,,,,,,,,,,,,,,,,6181,3,1,3
3,2,,,,,,,,,,,,,,,,,,,,,,,,,,,,,,,,,6224,4,1,4
3,1,4,1,20,30000,20,1,1500,MIL QUINIENTOS PESOS,,,1,,,,,,,2,2,2,2,2,2,2,2,2,2,2,2,2,2,1,6614,2,1,2
3,1,5,1,30,300000,300,1,1000,MIL PESOS,,,1,,,,,,,2,2,2,2,2,1,1,2,1,1,1,2,2,2,1,6657,2,1,2
3,2,,,,,,,,,,,,,,,,,,,,,,,,,,,,,,,,,6809,2,1,2
3,2,,,,,,,,,,,,,,,,,,,,,,,,,,,,,,,,,7061,4,1,4
3,2,,,,,,,,,,,,,,,,,,,,,,,,,,,,,,,,,7201,1,1,1
3,2,,,,,,,,,,,,,,,,,,,,,,,,,,,,,,,,,7227,4,1,4
3,1,3,1,2,4000,2,1,2000,DOS MIL PESOS,,,1,1,,,,,,1,2,2,2,2,2,2,2,2,2,2,2,1,2,2,7799,9,1,9
3,2,,,,,,,,,,,,,,,,,,,,,,,,,,,,,,,,,7834,1,1,1
3,2,,,,,,,,,,,,,,,,,,,,,,,,,,,,,,,,,8013,1,1,1
3,2,,,,,,,,,,,,,,,,,,,,,,,,,,,,,,,,,8020,1,1,1
3,2,,,,,,,,,,,,,,,,,,,,,,,,,,,,,,,,,8185,1,1,1
3,2,,,,,,,,,,,,,,,,,,,,,,,,,,,,,,,,,8189,1,1,1
3,1,3,1,20,40000,10,2,,,,,,1,,,,,,2,2,2,2,2,2,2,2,2,2,2,2,2,2,2,8194,1,1,1
3,2,,,,,,,,,,,,,,,,,,,,,,,,,,,,,,,,,8304,1,1,1
3,2,,,,,,,,,,,,,,,,,,,,,,,,,,,,,,,,,8507,1,1,1
3,1,4,1,10,10000,10,1,1000,MIL PESOS,,,1,1,,1,,,,1,1,1,1,1,1,1,1,1,1,1,1,1,1,1,8862,2,1,2
3,2,,,,,,,,,,,,,,,,,,,,,,,,,,,,,,,,,8889,1,1,1
3,2,,,,,,,,,,,,,,,,,,,,,,,,,,,,,,,,,9102,1,1,1
3,2,,,,,,,,,,,,,,,,,,,,,,,,,,,,,,,,,9544,1,1,1
3,2,,,,,,,,,,,,,,,,,,,,,,,,,,,,,,,,,9682,3,1,3
3,2,,,,,,,,,,,,,,,,,,,,,,,,,,,,,,,,,9928,1,1,1
3,2,,,,,,,,,,,,,,,,,,,,,,,,,,,,,,,,,9968,3,1,3
3,2,,,,,,,,,,,,,,,,,,,,,,,,,,,,,,,,,9999,1,1,1
1,1,3,2,,,6,1,7000,DIEZ MIL PESOS,,,1,1,,,,,,1,1,1,1,1,1,1,1,1,1,1,1,1,1,1,10029,2,1,2
3,2,,,,,,,,,,,,,,,,,,,,,,,,,,,,,,,,,10235,3,1,3
3,2,,,,,,,,,,,,,,,,,,,,,,,,,,,,,,,,,10315,1,1,1
3,2,,,,,,,,,,,,,,,,,,,,,,,,,,,,,,,,,10344,3,1,3
3,2,,,,,,,,,,,,,,,,,,,,,,,,,,,,,,,,,10585,2,1,2
3,2,,,,,,,,,,,,,,,,,,,,,,,,,,,,,,,,,10627,1,1,1
3,2,,,,,,,,,,,,,,,,,,,,,,,,,,,,,,,,,11013,1,1,1
3,2,,,,,,,,,,,,,,,,,,,,,,,,,,,,,,,,,11129,1,1,1
3,1,3,1,2,10000,5,1,2000,DOS MIL,,,1,,,,,,,1,2,1,1,2,1,1,1,1,2,1,1,1,2,1,12107,3,1,3
3,2,,,,,,,,,,,,,,,,,,,,,,,,,,,,,,,,,12559,3,1,3
3,2,,,,,,,,,,,,,,,,,,,,,,,,,,,,,,,,,12801,1,1,1
3,1,4,1,4,98,4,1,1000,mil pesos,,,1,,,,,,,2,2,2,2,2,2,2,2,2,2,2,2,2,2,2,13052,1,1,1
3,2,,,,,,,,,,,,,,,,,,,,,,,,,,,,,,,,,13191,2,1,2
3,2,,,,,,,,,,,,,,,,,,,,,,,,,,,,,,,,,13200,1,1,1
3,1,5,1,30,120000,30,1,4000,CUATRO MIL PESOS,,,1,,,,,,,2,1,1,1,1,1,1,1,1,1,1,1,1,1,1,13344,1,1,1
3,2,,,,,,,,,,,,,,,,,,,,,,,,,,,,,,,,,13406,1,1,1
3,2,,,,,,,,,,,,,,,,,,,,,,,,,,,,,,,,,13547,2,1,2
3,1,1,2,,,4,1,1000,MIL PESOS,,,1,,,,,,,2,2,2,2,2,2,2,2,2,2,2,2,2,2,2,14295,1,1,1
3,2,,,,,,,,,,,,,,,,,,,,,,,,,,,,,,,,,15021,1,1,1
3,2,,,,,,,,,,,,,,,,,,,,,,,,,,,,,,,,,15101,1,1,1
3,2,,,,,,,,,,,,,,,,,,,,,,,,,,,,,,,,,15341,1,1,1
3,2,,,,,,,,,,,,,,,,,,,,,,,,,,,,,,,,,15561,1,1,1
3,2,,,,,,,,,,,,,,,,,,,,,,,,,,,,,,,,,16640,1,1,1
3,1,5,1,30,20000,1,1,5000,CINCO MIL PESOS,,,1,1,,,,,,1,1,1,1,1,1,1,1,2,2,1,1,1,1,1,17159,3,1,3
3,1,5,1,30,80000,60,1,4000,CUATRO MIL,,,,,,1,,,,1,1,1,1,1,1,1,1,1,1,1,1,1,1,1,17933,3,1,3
3,1,4,1,12,10000,12,1,1000,MIL PESOS COLOMBIANOS,,,,,,1,,,,2,2,2,1,2,1,1,1,2,2,1,2,2,2,1,18012,2,1,2
3,2,,,,,,,,,,,,,,,,,,,,,,,,,,,,,,,,,18124,1,1,1
3,2,,,,,,,,,,,,,,,,,,,,,,,,,,,,,,,,,18423,1,1,1
3,2,,,,,,,,,,,,,,,,,,,,,,,,,,,,,,,,,18735,3,1,3
3,2,,,,,,,,,,,,,,,,,,,,,,,,,,,,,,,,,19179,1,1,1
3,2,,,,,,,,,,,,,,,,,,,,,,,,,,,,,,,,,19329,1,1,1
3,2,,,,,,,,,,,,,,,,,,,,,,,,,,,,,,,,,19376,1,1,1
3,1,2,2,,,2,1,4000,CUATRO MIL PESOS,,,,1,,,,,,2,2,1,1,1,2,1,1,1,1,1,1,1,2,2,19396,2,1,2
3,2,,,,,,,,,,,,,,,,,,,,,,,,,,,,,,,,,19586,1,1,1
3,2,,,,,,,,,,,,,,,,,,,,,,,,,,,,,,,,,19634,1,1,1
3,2,,,,,,,,,,,,,,,,,,,,,,,,,,,,,,,,,20032,1,1,1
3,2,,,,,,,,,,,,,,,,,,,,,,,,,,,,,,,,,20368,2,1,2
3,2,,,,,,,,,,,,,,,,,,,,,,,,,,,,,,,,,20465,3,1,3
3,2,,,,,,,,,,,,,,,,,,,,,,,,,,,,,,,,,20604,2,1,2
3,2,,,,,,,,,,,,,,,,,,,,,,,,,,,,,,,,,20638,1,1,1
3,1,3,2,,,3,2,,,,,,1,,,,,,1,1,2,1,1,2,1,2,1,1,1,1,2,2,1,20689,2,1,2
3,2,,,,,,,,,,,,,,,,,,,,,,,,,,,,,,,,,20777,1,1,1
3,1,2,2,,,5,1,4000,CUATRO MIL PESOS,,,1,1,,,,,,2,2,1,2,1,1,1,1,2,1,1,1,2,2,2,20812,2,1,2
3,2,,,,,,,,,,,,,,,,,,,,,,,,,,,,,,,,,21299,1,1,1
2,2,,,,,,,,,,,,,,,,,,,,,,,,,,,,,,,,,21715,1,1,1
2,1,4,2,,,10,1,2000,DOS MIL PESOS,,,1,,,,,,,1,1,1,1,2,2,2,1,1,1,1,1,1,1,1,21767,2,1,2
3,2,,,,,,,,,,,,,,,,,,,,,,,,,,,,,,,,,21881,2,1,2
3,2,,,,,,,,,,,,,,,,,,,,,,,,,,,,,,,,,22065,1,1,1
3,2,,,,,,,,,,,,,,,,,,,,,,,,,,,,,,,,,22131,6,1,6
3,2,,,,,,,,,,,,,,,,,,,,,,,,,,,,,,,,,22334,1,1,1
3,2,,,,,,,,,,,,,,,,,,,,,,,,,,,,,,,,,22610,1,1,1
3,2,,,,,,,,,,,,,,,,,,,,,,,,,,,,,,,,,22758,1,1,1
3,2,,,,,,,,,,,,,,,,,,,,,,,,,,,,,,,,,22822,1,1,1
3,2,,,,,,,,,,,,,,,,,,,,,,,,,,,,,,,,,22887,1,1,1
3,1,2,2,,,4,1,3000,TRES MIL PESOS,,,1,,,,,,,2,2,1,1,2,2,2,1,1,1,1,2,2,2,2,23128,1,1,1
3,1,4,1,5,10000,5,1,2000,DOS MIL PESOS,,,1,1,,,,,,1,2,2,1,1,2,2,1,2,2,1,2,2,2,1,23135,2,1,2
3,2,,,,,,,,,,,,,,,,,,,,,,,,,,,,,,,,,23432,2,1,2
3,2,,,,,,,,,,,,,,,,,,,,,,,,,,,,,,,,,23597,1,1,1
3,2,,,,,,,,,,,,,,,,,,,,,,,,,,,,,,,,,23727,3,1,3
1,1,2,2,,,1,2,,,,,,1,,,,,,1,2,1,2,2,2,2,2,2,2,2,2,2,2,2,23863,2,1,2
3,2,,,,,,,,,,,,,,,,,,,,,,,,,,,,,,,,,24037,1,1,1
3,2,,,,,,,,,,,,,,,,,,,,,,,,,,,,,,,,,24316,1,1,1
3,2,,,,,,,,,,,,,,,,,,,,,,,,,,,,,,,,,24326,1,1,1
3,2,,,,,,,,,,,,,,,,,,,,,,,,,,,,,,,,,24606,1,1,1
3,2,,,,,,,,,,,,,,,,,,,,,,,,,,,,,,,,,25078,1,1,1
3,2,,,,,,,,,,,,,,,,,,,,,,,,,,,,,,,,,25173,1,1,1
3,2,,,,,,,,,,,,,,,,,,,,,,,,,,,,,,,,,25209,1,1,1
3,2,,,,,,,,,,,,,,,,,,,,,,,,,,,,,,,,,25444,1,1,1
3,2,,,,,,,,,,,,,,,,,,,,,,,,,,,,,,,,,25461,1,1,1
3,2,,,,,,,,,,,,,,,,,,,,,,,,,,,,,,,,,25463,1,1,1
3,2,,,,,,,,,,,,,,,,,,,,,,,,,,,,,,,,,25483,1,1,1
2,1,2,2,,,3,2,,,,,,1,,,,,,2,2,2,2,2,2,2,2,2,2,2,2,2,2,2,25552,2,1,2
3,2,,,,,,,,,,,,,,,,,,,,,,,,,,,,,,,,,25699,1,1,1
3,2,,,,,,,,,,,,,,,,,,,,,,,,,,,,,,,,,25808,1,1,1
3,2,,,,,,,,,,,,,,,,,,,,,,,,,,,,,,,,,26081,1,1,1
3,2,,,,,,,,,,,,,,,,,,,,,,,,,,,,,,,,,26720,1,1,1
3,2,,,,,,,,,,,,,,,,,,,,,,,,,,,,,,,,,26840,1,1,1
3,1,2,2,,,1,2,,,,,,1,,,,,,2,2,2,2,2,2,2,2,2,2,2,2,1,2,2,27342,1,1,1
3,2,,,,,,,,,,,,,,,,,,,,,,,,,,,,,,,,,27546,1,1,1
3,2,,,,,,,,,,,,,,,,,,,,,,,,,,,,,,,,,27716,1,1,1
3,2,,,,,,,,,,,,,,,,,,,,,,,,,,,,,,,,,27717,1,1,1
3,2,,,,,,,,,,,,,,,,,,,,,,,,,,,,,,,,,27872,4,1,4
3,1,2,2,,,1,2,,,,,,1,,,,,,2,2,2,2,2,2,2,2,2,2,2,2,2,2,2,27938,1,1,1
3,1,2,2,,,1,1,1000,MIL PESOS,,,1,,,,,,,2,2,2,2,2,1,1,1,1,1,1,1,1,1,1,28161,1,1,1
3,2,,,,,,,,,,,,,,,,,,,,,,,,,,,,,,,,,28303,1,1,1
3,2,,,,,,,,,,,,,,,,,,,,,,,,,,,,,,,,,28370,2,1,2
3,2,,,,,,,,,,,,,,,,,,,,,,,,,,,,,,,,,28781,1,1,1
3,2,,,,,,,,,,,,,,,,,,,,,,,,,,,,,,,,,28972,1,1,1
3,2,,,,,,,,,,,,,,,,,,,,,,,,,,,,,,,,,29188,2,1,2
3,2,,,,,,,,,,,,,,,,,,,,,,,,,,,,,,,,,29421,1,1,1
3,2,,,,,,,,,,,,,,,,,,,,,,,,,,,,,,,,,29452,1,1,1
3,2,,,,,,,,,,,,,,,,,,,,,,,,,,,,,,,,,29895,1,1,1
3,2,,,,,,,,,,,,,,,,,,,,,,,,,,,,,,,,,30076,4,1,4
3,2,,,,,,,,,,,,,,,,,,,,,,,,,,,,,,,,,30448,1,1,1
3,2,,,,,,,,,,,,,,,,,,,,,,,,,,,,,,,,,30494,2,1,2
3,2,,,,,,,,,,,,,,,,,,,,,,,,,,,,,,,,,30542,1,1,1
3,2,,,,,,,,,,,,,,,,,,,,,,,,,,,,,,,,,30571,1,1,1
3,2,,,,,,,,,,,,,,,,,,,,,,,,,,,,,,,,,30741,1,1,1
3,1,3,2,,,2,1,2000,DOS MIL PESOS,,,1,,,,,,,2,1,2,1,2,1,1,2,2,2,1,2,1,2,1,30757,1,1,1
3,2,,,,,,,,,,,,,,,,,,,,,,,,,,,,,,,,,30927,2,1,2
3,2,,,,,,,,,,,,,,,,,,,,,,,,,,,,,,,,,31462,1,1,1
3,2,,,,,,,,,,,,,,,,,,,,,,,,,,,,,,,,,31524,2,1,2
3,2,,,,,,,,,,,,,,,,,,,,,,,,,,,,,,,,,31588,2,1,2
3,2,,,,,,,,,,,,,,,,,,,,,,,,,,,,,,,,,31631,1,1,1
3,2,,,,,,,,,,,,,,,,,,,,,,,,,,,,,,,,,31643,2,1,2
3,2,,,,,,,,,,,,,,,,,,,,,,,,,,,,,,,,,31685,3,1,3
3,2,,,,,,,,,,,,,,,,,,,,,,,,,,,,,,,,,31728,2,1,2
3,2,,,,,,,,,,,,,,,,,,,,,,,,,,,,,,,,,31802,1,1,1
3,2,,,,,,,,,,,,,,,,,,,,,,,,,,,,,,,,,31901,1,1,1
3,2,,,,,,,,,,,,,,,,,,,,,,,,,,,,,,,,,31946,1,1,1
3,2,,,,,,,,,,,,,,,,,,,,,,,,,,,,,,,,,32102,1,1,1
3,2,,,,,,,,,,,,,,,,,,,,,,,,,,,,,,,,,32479,1,1,1
3,2,,,,,,,,,,,,,,,,,,,,,,,,,,,,,,,,,32549,1,1,1
3,2,,,,,,,,,,,,,,,,,,,,,,,,,,,,,,,,,32562,1,1,1
3,2,,,,,,,,,,,,,,,,,,,,,,,,,,,,,,,,,32782,1,1,1
3,1,5,2,,,30,1,3000,TRES MIL PESOS,,,1,,,,,,,2,1,2,2,2,1,1,2,1,2,1,2,1,2,2,33076,1,1,1
3,1,2,1,8,16000,5,1,2000,DOS MIL PESOS,,,1,1,,1,,,,1,2,1,1,1,1,1,1,1,2,1,1,1,2,1,33290,5,1,5
1,1,5,1,30,98,99,1,1000,MIL PESOS,,,1,1,,1,,,,1,1,1,1,1,2,2,1,1,1,1,1,1,1,1,33313,3,1,3
3,2,,,,,,,,,,,,,,,,,,,,,,,,,,,,,,,,,33442,1,1,1
3,2,,,,,,,,,,,,,,,,,,,,,,,,,,,,,,,,,33552,2,1,2
3,2,,,,,,,,,,,,,,,,,,,,,,,,,,,,,,,,,33630,1,1,1
3,2,,,,,,,,,,,,,,,,,,,,,,,,,,,,,,,,,33631,1,1,1
3,2,,,,,,,,,,,,,,,,,,,,,,,,,,,,,,,,,33684,1,1,1
3,2,,,,,,,,,,,,,,,,,,,,,,,,,,,,,,,,,33768,2,1,2
3,2,,,,,,,,,,,,,,,,,,,,,,,,,,,,,,,,,33974,1,1,1
3,2,,,,,,,,,,,,,,,,,,,,,,,,,,,,,,,,,34200,2,1,2
3,2,,,,,,,,,,,,,,,,,,,,,,,,,,,,,,,,,34258,2,1,2
3,2,,,,,,,,,,,,,,,,,,,,,,,,,,,,,,,,,35077,3,1,3
3,2,,,,,,,,,,,,,,,,,,,,,,,,,,,,,,,,,35160,1,1,1
3,2,,,,,,,,,,,,,,,,,,,,,,,,,,,,,,,,,35635,1,1,1
3,2,,,,,,,,,,,,,,,,,,,,,,,,,,,,,,,,,35703,1,1,1
3,2,,,,,,,,,,,,,,,,,,,,,,,,,,,,,,,,,35841,2,1,2
3,2,,,,,,,,,,,,,,,,,,,,,,,,,,,,,,,,,36151,1,1,1
3,1,1,2,,,1,1,2000,DOS MIL PESOS,,,,,,1,,,,2,2,2,1,2,2,2,2,2,2,1,2,2,2,2,36156,1,1,1
3,2,,,,,,,,,,,,,,,,,,,,,,,,,,,,,,,,,36315,1,1,1
3,2,,,,,,,,,,,,,,,,,,,,,,,,,,,,,,,,,36510,1,1,1
3,2,,,,,,,,,,,,,,,,,,,,,,,,,,,,,,,,,36890,2,1,2
3,2,,,,,,,,,,,,,,,,,,,,,,,,,,,,,,,,,37659,5,1,5
3,1,2,1,1,18000,9,1,2000,DOS MIL PESOS,,,,1,,,,,,1,1,1,1,1,1,1,1,1,1,1,1,1,1,1,38790,3,1,3
3,2,,,,,,,,,,,,,,,,,,,,,,,,,,,,,,,,,39074,1,1,1
3,2,,,,,,,,,,,,,,,,,,,,,,,,,,,,,,,,,39286,1,1,1
3,2,,,,,,,,,,,,,,,,,,,,,,,,,,,,,,,,,39430,4,1,4
3,2,,,,,,,,,,,,,,,,,,,,,,,,,,,,,,,,,39509,2,1,2
3,2,,,,,,,,,,,,,,,,,,,,,,,,,,,,,,,,,39839,2,1,2
3,2,,,,,,,,,,,,,,,,,,,,,,,,,,,,,,,,,39880,2,1,2
3,2,,,,,,,,,,,,,,,,,,,,,,,,,,,,,,,,,40154,1,1,1
3,2,,,,,,,,,,,,,,,,,,,,,,,,,,,,,,,,,40524,1,1,1
3,2,,,,,,,,,,,,,,,,,,,,,,,,,,,,,,,,,41478,1,1,1
3,2,,,,,,,,,,,,,,,,,,,,,,,,,,,,,,,,,41497,1,1,1
3,2,,,,,,,,,,,,,,,,,,,,,,,,,,,,,,,,,41957,2,1,2
3,2,,,,,,,,,,,,,,,,,,,,,,,,,,,,,,,,,42260,1,1,1
1,1,5,1,30,300000,30,1,5000,CINCO MIL PESOS,,,1,1,,,,,,1,2,2,1,2,1,2,1,1,1,1,1,1,1,1,42275,3,1,3
3,2,,,,,,,,,,,,,,,,,,,,,,,,,,,,,,,,,42356,1,1,1
3,2,,,,,,,,,,,,,,,,,,,,,,,,,,,,,,,,,42437,2,1,2
3,1,4,1,3,40000,40,1,2500,DOS MIL QUINIENTOS,,,,1,,,,,,1,1,2,1,2,1,1,1,2,2,1,1,1,2,1,42538,3,1,3
3,2,,,,,,,,,,,,,,,,,,,,,,,,,,,,,,,,,42659,4,1,4
3,2,,,,,,,,,,,,,,,,,,,,,,,,,,,,,,,,,43140,3,1,3
3,2,,,,,,,,,,,,,,,,,,,,,,,,,,,,,,,,,43395,1,1,1
3,2,,,,,,,,,,,,,,,,,,,,,,,,,,,,,,,,,43782,1,1,1
3,2,,,,,,,,,,,,,,,,,,,,,,,,,,,,,,,,,43842,1,1,1
3,2,,,,,,,,,,,,,,,,,,,,,,,,,,,,,,,,,43914,2,1,2
3,2,,,,,,,,,,,,,,,,,,,,,,,,,,,,,,,,,44114,1,1,1
1,1,5,1,30,100000,30,1,2500,DOS MIL QUINIENTOS,,,,1,1,1,,,,1,2,2,2,2,2,2,2,2,2,2,2,2,1,1,44681,3,1,3
3,2,,,,,,,,,,,,,,,,,,,,,,,,,,,,,,,,,45134,1,1,1
9,2,,,,,,,,,,,,,,,,,,,,,,,,,,,,,,,,,45216,1,1,1
3,2,,,,,,,,,,,,,,,,,,,,,,,,,,,,,,,,,45400,1,1,1
3,1,5,1,30,300000,60,1,5000,CINCO MIL,,,1,,,,,,,1,1,1,2,1,2,1,1,1,1,1,1,1,1,1,46020,1,1,1
3,2,,,,,,,,,,,,,,,,,,,,,,,,,,,,,,,,,46486,1,1,1
3,2,,,,,,,,,,,,,,,,,,,,,,,,,,,,,,,,,46500,1,1,1
3,2,,,,,,,,,,,,,,,,,,,,,,,,,,,,,,,,,46770,1,1,1
3,1,2,1,1,2000,1,1,2000,DOS MIL PESOS,,,,1,,,,,,2,2,2,1,2,2,2,2,2,2,1,2,2,2,1,46881,1,1,1
2,2,,,,,,,,,,,,,,,,,,,,,,,,,,,,,,,,,46890,1,1,1
3,2,,,,,,,,,,,,,,,,,,,,,,,,,,,,,,,,,47039,1,1,1
3,2,,,,,,,,,,,,,,,,,,,,,,,,,,,,,,,,,47044,5,1,5
3,2,,,,,,,,,,,,,,,,,,,,,,,,,,,,,,,,,47298,3,1,3
3,2,,,,,,,,,,,,,,,,,,,,,,,,,,,,,,,,,47472,3,1,3
3,2,,,,,,,,,,,,,,,,,,,,,,,,,,,,,,,,,47564,2,1,2
3,2,,,,,,,,,,,,,,,,,,,,,,,,,,,,,,,,,47615,2,1,2
3,2,,,,,,,,,,,,,,,,,,,,,,,,,,,,,,,,,47669,1,1,1
3,1,2,2,,,6,1,2000,dos mil pesos,,,,,,1,,,,1,1,2,1,2,1,1,1,1,1,2,2,2,2,2,47860,2,1,2
3,2,,,,,,,,,,,,,,,,,,,,,,,,,,,,,,,,,48219,1,1,1
3,2,,,,,,,,,,,,,,,,,,,,,,,,,,,,,,,,,48260,1,1,1
3,2,,,,,,,,,,,,,,,,,,,,,,,,,,,,,,,,,48363,2,1,2
3,2,,,,,,,,,,,,,,,,,,,,,,,,,,,,,,,,,48670,1,1,1
3,2,,,,,,,,,,,,,,,,,,,,,,,,,,,,,,,,,48939,1,1,1
3,2,,,,,,,,,,,,,,,,,,,,,,,,,,,,,,,,,49051,1,1,1
3,2,,,,,,,,,,,,,,,,,,,,,,,,,,,,,,,,,49176,1,1,1
3,2,,,,,,,,,,,,,,,,,,,,,,,,,,,,,,,,,49233,1,1,1
3,2,,,,,,,,,,,,,,,,,,,,,,,,,,,,,,,,,49259,1,1,1
3,1,4,1,2,10000,3,1,5000,CINCO MIL PESOS,,,1,1,,1,,,,1,2,2,1,2,1,1,1,1,1,1,1,1,1,1,49480,2,1,2
3,2,,,,,,,,,,,,,,,,,,,,,,,,,,,,,,,,,49583,3,1,3
3,2,,,,,,,,,,,,,,,,,,,,,,,,,,,,,,,,,49694,1,1,1
3,1,5,1,30,30000,60,1,1000,MIL PESOS,,,1,,,,,,,2,1,1,1,2,1,2,1,1,2,1,2,1,1,1,49701,3,1,3
3,2,,,,,,,,,,,,,,,,,,,,,,,,,,,,,,,,,49746,1,1,1
3,1,4,1,3,30000,4,1,5000,CINCO MIL,,,1,,,,,,,1,1,1,1,1,1,1,1,1,1,1,1,1,1,1,49780,1,1,1
3,9,,,,,,,,,,,,,,,,,,,,,,,,,,,,,,,,,49973,1,1,1
3,2,,,,,,,,,,,,,,,,,,,,,,,,,,,,,,,,,50345,2,1,2
3,1,3,1,2,5000,2,1,2000,DOS MIL PESOS,,,1,,,,,,,2,2,2,2,2,1,1,2,2,2,2,2,2,2,1,50721,1,1,1
3,2,,,,,,,,,,,,,,,,,,,,,,,,,,,,,,,,,51030,1,1,1
3,2,,,,,,,,,,,,,,,,,,,,,,,,,,,,,,,,,51531,7,1,7
3,1,5,1,30,25000,25,1,1000,MIL PESOS,,,,1,,,1,,,1,1,1,1,1,1,1,1,1,1,1,1,1,1,1,51788,3,1,3
3,2,,,,,,,,,,,,,,,,,,,,,,,,,,,,,,,,,52211,1,1,1
3,2,,,,,,,,,,,,,,,,,,,,,,,,,,,,,,,,,52529,1,1,1
2,1,3,1,1,5000,1,1,5000,CINCO MIL PESOS,,,,,,,1,,,2,2,2,2,2,1,1,2,2,2,2,2,2,2,1,52599,1,1,1
3,2,,,,,,,,,,,,,,,,,,,,,,,,,,,,,,,,,52959,1,1,1
3,2,,,,,,,,,,,,,,,,,,,,,,,,,,,,,,,,,53151,2,1,2
3,2,,,,,,,,,,,,,,,,,,,,,,,,,,,,,,,,,53257,2,1,2
3,2,,,,,,,,,,,,,,,,,,,,,,,,,,,,,,,,,53463,1,1,1
3,2,,,,,,,,,,,,,,,,,,,,,,,,,,,,,,,,,53488,1,1,1
3,2,,,,,,,,,,,,,,,,,,,,,,,,,,,,,,,,,53497,5,1,5
3,2,,,,,,,,,,,,,,,,,,,,,,,,,,,,,,,,,53522,5,1,5
3,2,,,,,,,,,,,,,,,,,,,,,,,,,,,,,,,,,53567,3,1,3
3,2,,,,,,,,,,,,,,,,,,,,,,,,,,,,,,,,,53576,1,1,1
3,2,,,,,,,,,,,,,,,,,,,,,,,,,,,,,,,,,53819,1,1,1
3,2,,,,,,,,,,,,,,,,,,,,,,,,,,,,,,,,,53840,1,1,1
3,2,,,,,,,,,,,,,,,,,,,,,,,,,,,,,,,,,54111,3,1,3
3,2,,,,,,,,,,,,,,,,,,,,,,,,,,,,,,,,,54116,1,1,1
2,1,3,2,,,2,1,2000,DOS MIL PESOS,,,1,1,,,,,,2,2,1,1,1,2,2,2,2,2,2,2,2,2,2,54180,2,1,2
2,2,,,,,,,,,,,,,,,,,,,,,,,,,,,,,,,,,54256,1,1,1
3,2,,,,,,,,,,,,,,,,,,,,,,,,,,,,,,,,,54903,1,1,1
3,2,,,,,,,,,,,,,,,,,,,,,,,,,,,,,,,,,55093,1,1,1
3,2,,,,,,,,,,,,,,,,,,,,,,,,,,,,,,,,,55127,4,1,4
3,1,5,1,30,30000,30,1,1000,MIL PESOS,,,1,,,,,,,1,2,2,2,1,2,1,2,2,2,1,2,2,2,1,55214,1,1,1
3,2,,,,,,,,,,,,,,,,,,,,,,,,,,,,,,,,,55391,1,1,1
3,2,,,,,,,,,,,,,,,,,,,,,,,,,,,,,,,,,55798,1,1,1
3,1,4,1,30,60000,30,1,2000,DOS MIL PESOS,,,,,,1,,,,2,1,2,1,2,1,1,1,2,1,2,2,2,2,1,55899,2,1,2
2,2,,,,,,,,,,,,,,,,,,,,,,,,,,,,,,,,,55961,2,1,2
3,2,,,,,,,,,,,,,,,,,,,,,,,,,,,,,,,,,56101,1,1,1
3,2,,,,,,,,,,,,,,,,,,,,,,,,,,,,,,,,,56270,2,1,2
3,2,,,,,,,,,,,,,,,,,,,,,,,,,,,,,,,,,56382,1,1,1
3,2,,,,,,,,,,,,,,,,,,,,,,,,,,,,,,,,,56961,2,1,2
3,2,,,,,,,,,,,,,,,,,,,,,,,,,,,,,,,,,57054,2,1,2
3,1,3,1,20,200000,100,1,2000,DOS MIL,,,1,,,,,,,1,1,2,1,1,1,2,1,1,1,1,1,1,1,1,57776,3,1,3
3,2,,,,,,,,,,,,,,,,,,,,,,,,,,,,,,,,,57938,1,1,1
3,2,,,,,,,,,,,,,,,,,,,,,,,,,,,,,,,,,58009,2,1,2
3,1,4,1,4,30000,30,1,1000,MIL PESOS,,,1,,,,,,,1,1,1,1,1,1,1,1,1,1,1,1,1,1,1,58487,1,1,1
3,1,1,2,,,4,1,2000,DOS MIL PESOS,,,1,,,,,,,1,1,2,1,2,1,2,1,2,2,1,1,1,1,2,58587,2,1,2
3,1,5,1,30,35000,30,1,4000,CUATRO MIL PESOS,,,1,1,,,,,,1,2,2,1,1,2,2,1,1,1,1,1,1,1,1,58605,3,1,3
3,2,,,,,,,,,,,,,,,,,,,,,,,,,,,,,,,,,58919,4,1,4
3,2,,,,,,,,,,,,,,,,,,,,,,,,,,,,,,,,,59142,1,1,1
3,2,,,,,,,,,,,,,,,,,,,,,,,,,,,,,,,,,59250,1,1,1
3,2,,,,,,,,,,,,,,,,,,,,,,,,,,,,,,,,,59627,1,1,1
3,2,,,,,,,,,,,,,,,,,,,,,,,,,,,,,,,,,59629,3,1,3
3,2,,,,,,,,,,,,,,,,,,,,,,,,,,,,,,,,,59649,6,1,6
3,2,,,,,,,,,,,,,,,,,,,,,,,,,,,,,,,,,59652,1,1,1
1,1,5,1,30,90000,30,1,3000,TRES MIL PESOS,,,,1,,,,,,2,2,2,2,2,2,2,2,2,2,2,2,2,2,2,59783,9,1,9
3,2,,,,,,,,,,,,,,,,,,,,,,,,,,,,,,,,,59784,2,1,2
